datetime,actual_pm25,persistence_pred,linear_pred
2025-08-01 06:00:00,29.19625,22.85875,22.718074133444407
2025-08-01 07:00:00,30.20777777777778,29.19625,28.29238391436496
2025-08-01 08:00:00,19.653,30.20777777777778,29.36027299429089
2025-08-01 09:00:00,9.985,19.653,20.18909257125781
2025-08-01 10:00:00,8.077,9.985,11.611552723758575
2025-08-01 11:00:00,16.793333333333333,8.077,9.980690253132703
2025-08-01 12:00:00,22.1575,16.793333333333333,17.69253099828533
2025-08-01 13:00:00,23.41375,22.1575,22.43922605676656
2025-08-01 14:00:00,13.833636363636362,23.41375,23.364409091157658
2025-08-01 15:00:00,9.205,13.833636363636362,14.763075051603634
2025-08-01 16:00:00,10.517142857142858,9.205,10.714591017021089
2025-08-01 17:00:00,21.2925,10.517142857142858,11.861211793787586
2025-08-01 18:00:00,25.79090909090909,21.2925,21.338532208361656
2025-08-01 19:00:00,33.38,25.79090909090909,25.159544058757838
2025-08-01 20:00:00,27.32,33.38,31.827394818599064
2025-08-01 21:00:00,10.648,27.32,26.376383026659692
2025-08-01 22:00:00,12.27,10.648,11.638839857409012
2025-08-01 23:00:00,27.475,12.27,13.040131578686484
2025-08-02 00:00:00,40.021428571428565,27.475,26.49640690973377
2025-08-02 01:00:00,48.90111111111111,40.021428571428565,37.61528918065534
2025-08-02 02:00:00,43.55,48.90111111111111,45.54209984242014
2025-08-02 03:00:00,37.9525,43.55,40.92957873823511
2025-08-02 04:00:00,42.04153846153846,37.9525,36.09923589350366
2025-08-02 05:00:00,50.988,42.04153846153846,39.78393614472398
2025-08-02 06:00:00,54.627,50.988,47.79105881235789
2025-08-02 07:00:00,54.36,54.627,51.21410187299962
2025-08-02 08:00:00,43.547,54.36,51.19356543073329
2025-08-02 09:00:00,34.260000000000005,43.547,41.89096029144238
2025-08-02 10:00:00,33.36818181818182,34.260000000000005,33.90934733854786
2025-08-02 11:00:00,37.04714285714285,33.36818181818182,33.25176552993899
2025-08-02 12:00:00,34.33111111111111,37.04714285714285,36.63857432812726
2025-08-02 13:00:00,33.032,34.33111111111111,34.27835610156401
2025-08-02 14:00:00,28.509090909090904,33.032,33.239909991118914
2025-08-02 15:00:00,22.628888888888888,28.509090909090904,29.361142139797234
2025-08-02 16:00:00,20.62181818181818,22.628888888888888,24.30053162350663
2025-08-02 17:00:00,28.315454545454543,20.62181818181818,22.334460958549407
2025-08-02 18:00:00,30.4625,28.315454545454543,28.968380826382557
2025-08-02 19:00:00,30.593,30.4625,30.832355648596305
2025-08-02 20:00:00,28.64923076923077,30.593,30.899341787256564
2025-08-02 21:00:00,25.04875,28.64923076923077,29.114064478885314
2025-08-02 22:00:00,20.102,25.04875,25.998292589963597
2025-08-02 23:00:00,27.05,20.102,21.699323927139577
2025-08-03 00:00:00,28.394,27.05,27.800397865783246
2025-08-03 01:00:00,32.54777777777778,28.394,28.868382269728993
2025-08-03 02:00:00,32.38545454545454,32.54777777777778,32.37030005695384
2025-08-03 03:00:00,29.704444444444448,32.38545454545454,32.11035391734508
2025-08-03 04:00:00,33.527,29.704444444444448,29.692466222213685
2025-08-03 05:00:00,44.56333333333333,33.527,32.97942100021578
2025-08-03 06:00:00,45.135,44.56333333333333,42.652655522271104
2025-08-03 07:00:00,39.89333333333334,45.135,43.30294518842132
2025-08-03 08:00:00,28.006666666666664,39.89333333333334,38.829355393893636
2025-08-03 09:00:00,15.00111111111111,28.006666666666664,28.562200085109414
2025-08-03 10:00:00,7.646666666666667,15.00111111111111,17.242159346497456
2025-08-03 11:00:00,10.907142857142857,7.646666666666667,10.802337607276465
2025-08-03 12:00:00,13.202222222222222,10.907142857142857,13.635109893353292
2025-08-03 13:00:00,14.174444444444443,13.202222222222222,15.609838894103778
2025-08-03 14:00:00,5.712727272727273,14.174444444444443,16.43105272335754
2025-08-03 15:00:00,1.2166666666666668,5.712727272727273,8.943643640209434
2025-08-03 17:00:00,11.68,1.2166666666666668,4.7359730053435944
2025-08-03 18:00:00,4.46125,11.68,13.643061686425352
2025-08-03 19:00:00,3.543636363636364,4.46125,7.1272875028687475
2025-08-03 20:00:00,1.585,3.543636363636364,6.42998759676871
2025-08-03 22:00:00,1.53,1.585,4.425374120529085
2025-08-03 23:00:00,7.662000000000001,1.53,4.262685387056222
2025-08-04 00:00:00,15.374545454545457,7.662000000000001,9.535368035278541
2025-08-04 01:00:00,17.953333333333333,15.374545454545457,16.292702568092864
2025-08-04 02:00:00,15.48,17.953333333333333,18.54053775244414
2025-08-04 03:00:00,21.104285714285712,15.48,16.322247774644794
2025-08-04 04:00:00,27.72888888888889,21.104285714285712,21.273930193579183
2025-08-04 05:00:00,38.65111111111111,27.72888888888889,27.07748643294938
2025-08-04 06:00:00,46.728,38.65111111111111,36.67762781188726
2025-08-04 07:00:00,45.07857142857143,46.728,43.87722686941929
2025-08-04 08:00:00,37.799,45.07857142857143,42.7539446312536
2025-08-04 09:00:00,16.377142857142857,37.799,36.49396619591738
2025-08-04 10:00:00,11.70111111111111,16.377142857142857,17.576591233047907
2025-08-04 11:00:00,15.3675,11.70111111111111,13.415779343525575
2025-08-04 12:00:00,16.37,15.3675,16.694755597800466
2025-08-04 13:00:00,17.14727272727273,16.37,17.655074923527664
2025-08-04 14:00:00,13.437142857142858,17.14727272727273,18.41523827170418
2025-08-04 15:00:00,6.201428571428572,13.437142857142858,15.123477147254397
2025-08-04 16:00:00,11.005,6.201428571428572,8.691580091442098
2025-08-04 17:00:00,7.681999999999999,11.005,12.813038021913652
2025-08-04 18:00:00,9.885,7.681999999999999,9.674851916900266
2025-08-04 19:00:00,12.3725,9.885,11.512389748982304
2025-08-04 20:00:00,7.859090909090909,12.3725,13.643072077467313
2025-08-04 21:00:00,4.52625,7.859090909090909,9.541785608845284
2025-08-04 22:00:00,8.362,4.52625,6.561198364860911
2025-08-04 23:00:00,13.262222222222222,8.362,9.89052631999466
2025-08-05 00:00:00,19.655,13.262222222222222,14.204932701704898
2025-08-05 01:00:00,20.604,19.655,19.773085319957758
2025-08-05 02:00:00,13.452727272727271,20.604,20.564264116065655
2025-08-05 03:00:00,14.104,13.452727272727271,14.204528011957338
2025-08-05 04:00:00,23.383333333333336,14.104,14.733171409961178
2025-08-05 05:00:00,39.381,23.383333333333336,22.847455238030445
2025-08-05 06:00:00,50.70166666666666,39.381,36.98210183691836
2025-08-05 07:00:00,39.94222222222223,50.70166666666666,47.07280773073572
2025-08-05 08:00:00,24.425,39.94222222222223,37.75980627848158
2025-08-05 09:00:00,16.60666666666667,24.425,24.22161467218143
2025-08-05 10:00:00,12.753333333333332,16.60666666666667,17.516948799329178
2025-08-05 11:00:00,20.31111111111112,12.753333333333332,14.196749129381455
2025-08-05 12:00:00,29.1825,20.31111111111112,20.97041000578773
2025-08-05 13:00:00,33.667500000000004,29.1825,28.39038553317791
2025-08-05 14:00:00,11.27625,33.667500000000004,32.14963458098191
2025-08-05 15:00:00,15.05,11.27625,12.39477205454255
2025-08-05 16:00:00,12.24,15.05,15.876300492374897
2025-08-05 17:00:00,6.8925,12.24,13.405097151124256
2025-08-05 18:00:00,15.235,6.8925,8.637831452382706
2025-08-05 19:00:00,22.24,15.235,15.902779420426668
2025-08-05 20:00:00,13.9475,22.24,22.047549380418815
2025-08-05 21:00:00,6.63,13.9475,14.729334317477502
2025-08-05 22:00:00,7.534166666666667,6.63,8.284381173089187
2025-08-05 23:00:00,20.275,7.534166666666667,9.049871688321858
2025-08-06 00:00:00,24.87090909090909,20.275,20.275414126667123
2025-08-06 01:00:00,27.522222222222226,24.87090909090909,24.401582332900922
2025-08-06 02:00:00,20.791,27.522222222222226,26.73632782049777
2025-08-06 03:00:00,15.736666666666666,20.791,20.832290140705197
2025-08-06 04:00:00,22.265555555555554,15.736666666666666,16.356957897487394
2025-08-06 05:00:00,39.12636363636364,22.265555555555554,22.137143767900504
2025-08-06 06:00:00,44.855714285714285,39.12636363636364,36.971832274342034
2025-08-06 07:00:00,41.895,44.855714285714285,42.082329720752526
2025-08-06 08:00:00,27.905454545454543,41.895,39.443578180484536
2025-08-06 09:00:00,18.278888888888886,27.905454545454543,27.0964419882247
2025-08-06 10:00:00,22.175,18.278888888888886,18.673821877399792
2025-08-06 11:00:00,28.0475,22.175,22.24968062181052
2025-08-06 12:00:00,30.611,28.0475,27.5266628102883
2025-08-06 13:00:00,30.655,30.611,29.86575817148372
2025-08-06 14:00:00,24.012727272727272,30.655,29.921594864697585
2025-08-06 15:00:00,16.753999999999998,24.012727272727272,24.127743512047648
2025-08-06 16:00:00,17.265384615384615,16.753999999999998,17.677404625399355
2025-08-06 17:00:00,11.24888888888889,17.265384615384615,18.139948575433714
2025-08-06 18:00:00,8.402727272727272,11.24888888888889,12.774698479587315
2025-08-06 19:00:00,9.807272727272728,8.402727272727272,10.217618055641072
2025-08-06 20:00:00,5.502,9.807272727272728,11.222447384222836
2025-08-06 21:00:00,11.44,5.502,7.400892532918062
2025-08-06 22:00:00,6.28,11.44,12.649556289598246
2025-08-06 23:00:00,17.7525,6.28,8.09855014134326
2025-08-07 00:00:00,23.451538461538465,17.7525,18.17760061942858
2025-08-07 01:00:00,27.537777777777777,23.451538461538465,23.196513081139194
2025-08-07 02:00:00,23.72083333333333,27.537777777777777,26.80020961951703
2025-08-07 03:00:00,14.376,23.72083333333333,23.42161453825669
2025-08-07 04:00:00,18.94272727272727,14.376,15.184694547828418
2025-08-07 05:00:00,26.439,18.94272727272727,19.172040603132146
2025-08-07 06:00:00,34.655454545454546,26.439,25.759721569929223
2025-08-07 07:00:00,35.1475,34.655454545454546,33.0363988195507
2025-08-07 08:00:00,31.555714285714284,35.1475,33.50848565574775
2025-08-07 09:00:00,25.01888888888889,31.555714285714284,30.451268862996685
2025-08-07 10:00:00,29.245,25.01888888888889,24.86585814181706
2025-08-07 11:00:00,42.042,29.245,28.718105213804147
2025-08-07 12:00:00,44.16916666666666,42.042,40.09773377868676
2025-08-07 13:00:00,46.025,44.16916666666666,42.03846177809265
2025-08-07 14:00:00,37.76142857142857,46.025,43.82401645540732
2025-08-07 15:00:00,29.16416666666667,37.76142857142857,36.58894101662061
2025-08-07 16:00:00,24.50916666666667,29.16416666666667,28.950197317517006
2025-08-07 17:00:00,33.11142857142857,24.50916666666667,24.867687770904237
2025-08-07 18:00:00,41.34571428571429,33.11142857142857,32.42334166846332
2025-08-07 19:00:00,45.20777777777778,41.34571428571429,39.71534736747692
2025-08-07 20:00:00,35.89727272727273,45.20777777777778,43.28863947867585
2025-08-07 21:00:00,23.661,35.89727272727273,35.10658968639989
2025-08-07 22:00:00,23.605833333333333,23.661,24.362857503226678
2025-08-07 23:00:00,31.228571428571428,23.605833333333333,24.407431969113233
2025-08-08 00:00:00,32.94111111111111,31.228571428571428,31.229266688492665
2025-08-08 01:00:00,37.50142857142857,32.94111111111111,32.77716099018224
2025-08-08 02:00:00,31.56,37.50142857142857,36.7235385698329
2025-08-08 03:00:00,27.74142857142857,31.56,31.405646200110212
2025-08-08 04:00:00,30.02428571428572,27.74142857142857,28.0028931259366
2025-08-08 05:00:00,41.263333333333335,30.02428571428572,29.970872393876206
2025-08-08 06:00:00,43.64857142857142,41.263333333333335,39.895325884282855
2025-08-08 07:00:00,32.46625,43.64857142857142,42.092521055354666
2025-08-08 08:00:00,23.40636363636364,32.46625,32.37074151029328
2025-08-08 09:00:00,13.81,23.40636363636364,24.594580866735626
2025-08-08 10:00:00,13.14857142857143,13.81,16.282787822878994
2025-08-08 11:00:00,16.49875,13.14857142857143,15.834082472873387
2025-08-08 12:00:00,19.6175,16.49875,18.749581827049795
2025-08-08 13:00:00,19.777142857142856,19.6175,21.383093537136933
2025-08-08 14:00:00,17.328,19.777142857142856,21.48881313272213
2025-08-08 15:00:00,15.95,17.328,19.339736754477578
2025-08-08 16:00:00,16.927272727272726,15.95,18.06719979464598
2025-08-08 17:00:00,25.995,16.927272727272726,18.693252127967213
2025-08-08 18:00:00,30.5675,25.995,26.535469907411883
2025-08-08 19:00:00,30.533636363636365,30.5675,30.401312534755668
2025-08-08 20:00:00,26.9975,30.533636363636365,30.44090663357076
2025-08-08 21:00:00,19.23333333333333,26.9975,27.163665875104975
2025-08-08 22:00:00,17.849999999999998,19.23333333333333,20.247338726027337
2025-08-08 23:00:00,30.64444444444445,17.849999999999998,18.929121757779036
2025-08-09 00:00:00,36.211,30.64444444444445,30.183247847484374
2025-08-09 01:00:00,37.76125,36.211,35.07724904686425
2025-08-09 02:00:00,32.623000000000005,37.76125,36.422543673626194
2025-08-09 03:00:00,28.881,32.623000000000005,31.84424245170871
2025-08-09 04:00:00,27.344444444444445,28.881,28.49697712132124
2025-08-09 05:00:00,27.3,27.344444444444445,27.109814580465205
2025-08-09 06:00:00,30.398888888888887,27.3,26.9953083288814
2025-08-09 07:00:00,33.242222222222225,30.398888888888887,29.777830178130912
2025-08-09 08:00:00,20.268,33.242222222222225,32.45981843724623
2025-08-09 09:00:00,4.96,20.268,21.185734384493244
2025-08-09 10:00:00,5.03,4.96,8.0384048007634
2025-08-09 11:00:00,8.104,5.03,8.17642887985361
2025-08-09 12:00:00,13.2725,8.104,10.878570467157365
2025-08-09 13:00:00,21.15888888888889,13.2725,15.437159160245907
2025-08-09 14:00:00,16.5075,21.15888888888889,22.446070534974137
2025-08-09 15:00:00,8.191428571428572,16.5075,18.26688421813521
2025-08-09 16:00:00,12.67090909090909,8.191428571428572,10.888373834324275
2025-08-09 17:00:00,22.85666666666667,12.67090909090909,14.688974745412574
2025-08-09 18:00:00,26.60125,22.85666666666667,23.45702525468547
2025-08-09 19:00:00,26.51111111111111,26.60125,26.619115136910686
2025-08-09 20:00:00,17.447272727272725,26.51111111111111,26.553341403988426
2025-08-09 21:00:00,7.895,17.447272727272725,18.426749195054434
2025-08-09 22:00:00,7.697142857142857,7.895,9.804453194502386
2025-08-09 23:00:00,17.4675,7.697142857142857,9.569087908797268
2025-08-10 00:00:00,22.19818181818182,17.4675,18.144278035178434
2025-08-10 01:00:00,22.57,22.19818181818182,22.187968661211023
2025-08-10 02:00:00,18.11111111111111,22.57,22.43962924186007
2025-08-10 03:00:00,20.40142857142857,18.11111111111111,18.462432514169283
2025-08-10 04:00:00,27.2075,20.40142857142857,20.37841456591572
2025-08-10 05:00:00,39.609,27.2075,26.32491259476781
2025-08-10 06:00:00,34.776,39.609,37.32485858910296
2025-08-10 07:00:00,16.288,34.776,33.12008748289419
2025-08-10 08:00:00,20.15,16.288,16.91415629793329
2025-08-10 09:00:00,15.91,20.15,20.470671179242185
2025-08-10 10:00:00,18.85,15.91,16.89516646945927
2025-08-10 11:00:00,14.22,18.85,19.585365307396494
2025-08-10 12:00:00,11.47,14.22,15.421068071515341
2025-08-10 13:00:00,20.904444444444447,11.47,13.087692675671333
2025-08-10 14:00:00,12.62875,20.904444444444447,21.592895829667302
2025-08-10 15:00:00,5.083333333333333,12.62875,14.184954090383517
2025-08-10 16:00:00,6.3090909090909095,5.083333333333333,7.474179584309126
2025-08-10 17:00:00,26.308888888888887,6.3090909090909095,8.431727637412212
2025-08-10 18:00:00,41.95375,26.308888888888887,25.872736268977995
2025-08-10 19:00:00,44.98,41.95375,39.69595374988194
2025-08-10 20:00:00,31.3175,44.98,42.46935859285563
2025-08-10 21:00:00,8.947272727272727,31.3175,30.36719644558038
2025-08-10 22:00:00,6.371,8.947272727272727,10.600707514423974
2025-08-10 23:00:00,19.288,6.371,8.274461539560246
2025-08-11 00:00:00,30.884545454545457,19.288,19.615875604658925
2025-08-11 01:00:00,41.5475,30.884545454545457,29.872079187883276
2025-08-11 02:00:00,43.201,41.5475,39.256693781677924
2025-08-11 03:00:00,33.17375,43.201,40.779138280302575
2025-08-11 04:00:00,33.697272727272725,33.17375,31.93527698168214
2025-08-11 05:00:00,49.948,33.697272727272725,32.41340413344607
2025-08-11 06:00:00,61.51125,49.948,46.77273858203692
2025-08-11 07:00:00,57.18625,61.51125,57.183614620359634
2025-08-11 08:00:00,35.392857142857146,57.18625,53.702693431834334
2025-08-11 09:00:00,23.362,35.392857142857146,34.74632519237686
2025-08-11 10:00:00,27.41090909090909,23.362,24.26782461984575
2025-08-11 11:00:00,32.42285714285715,27.41090909090909,28.02137166102642
2025-08-11 12:00:00,24.111666666666665,32.42285714285715,32.5746903807443
2025-08-11 13:00:00,9.916,24.111666666666665,25.21765054126098
2025-08-11 14:00:00,28.0,9.916,12.560941061688323
2025-08-11 15:00:00,19.95,28.0,28.471776781321648
2025-08-11 16:00:00,9.62,19.95,21.533750278399094
2025-08-11 17:00:00,14.473,9.62,12.4473252617517
2025-08-11 18:00:00,20.416,14.473,16.556898627783674
2025-08-11 19:00:00,21.526666666666667,20.416,21.598271951448226
2025-08-11 20:00:00,13.156,21.526666666666667,22.46867135562509
2025-08-11 21:00:00,8.75,13.156,14.92771590138518
2025-08-11 22:00:00,11.491428571428573,8.75,10.963585430100027
2025-08-11 23:00:00,30.98555555555556,11.491428571428573,13.31757635291856
2025-08-12 00:00:00,33.463,30.98555555555556,30.487936359400344
2025-08-12 01:00:00,36.632,33.463,32.629513385510336
2025-08-12 02:00:00,31.482727272727274,36.632,35.443651570717634
2025-08-12 03:00:00,38.635000000000005,31.482727272727274,30.895967445441716
2025-08-12 04:00:00,47.06727272727273,38.635000000000005,37.19340535395446
2025-08-12 05:00:00,50.20857142857143,47.06727272727273,44.64885582546124
2025-08-12 06:00:00,53.08444444444444,50.20857142857143,47.452506807237796
2025-08-12 07:00:00,45.19714285714286,53.08444444444444,50.08661927660495
2025-08-12 08:00:00,25.161538461538463,45.19714285714286,43.19790717369227
2025-08-12 09:00:00,20.377,25.161538461538463,25.628096356402622
2025-08-12 10:00:00,13.831,20.377,21.612402779401023
2025-08-12 11:00:00,11.477,13.831,15.89861025869579
2025-08-12 12:00:00,6.8741666666666665,11.477,13.775832276253526
2025-08-12 13:00:00,23.49,6.8741666666666665,9.664325540197785
2025-08-12 14:00:00,18.79,23.49,24.174929352140953
2025-08-12 15:00:00,24.66,18.79,20.074178004103324
2025-08-12 16:00:00,20.82,24.66,25.238799876872392
2025-08-12 17:00:00,13.888181818181817,20.82,21.852020655143058
2025-08-12 18:00:00,29.466363636363635,13.888181818181817,15.605919088552412
2025-08-12 19:00:00,40.056,29.466363636363635,29.21052460541391
2025-08-12 20:00:00,28.782307692307693,40.056,38.56610412289287
2025-08-12 21:00:00,15.877,28.782307692307693,28.60427131872643
2025-08-12 22:00:00,11.85,15.877,17.20127373295778
2025-08-12 23:00:00,24.64090909090909,11.85,13.598513965372245
2025-08-13 00:00:00,39.0825,24.64090909090909,24.799885049547402
2025-08-13 01:00:00,41.112,39.0825,37.52497763513742
2025-08-13 02:00:00,25.385714285714283,41.112,39.30513501492328
2025-08-13 03:00:00,13.612727272727271,25.385714285714283,25.366376974950533
2025-08-13 04:00:00,28.800714285714285,13.612727272727271,14.967680088836785
2025-08-13 05:00:00,39.403636363636366,28.800714285714285,28.276051646990094
2025-08-13 06:00:00,48.392727272727264,39.403636363636366,37.615151763107136
2025-08-13 07:00:00,48.73888888888889,48.392727272727264,45.652126534009994
2025-08-13 08:00:00,35.36454545454546,48.73888888888889,46.207957701365444
2025-08-13 09:00:00,31.104000000000003,35.36454545454546,34.60522615317948
2025-08-13 10:00:00,31.67,31.104000000000003,30.900811968335493
2025-08-13 11:00:00,43.36333333333333,31.67,31.560955620291157
2025-08-13 12:00:00,41.51615384615385,43.36333333333333,41.990291532016556
2025-08-13 13:00:00,25.495,41.51615384615385,40.49631985020552
2025-08-13 14:00:00,10.77777777777778,25.495,26.40095465569429
2025-08-13 15:00:00,5.20888888888889,10.77777777777778,13.40114926055256
2025-08-13 16:00:00,10.468571428571428,5.20888888888889,8.457789466384192
2025-08-13 17:00:00,24.955454545454543,10.468571428571428,13.034194307949033
2025-08-13 18:00:00,37.482,24.955454545454543,25.84614196385982
2025-08-13 19:00:00,42.1,37.482,36.598055044210696
2025-08-13 20:00:00,35.83272727272727,42.1,40.522999103556984
2025-08-13 21:00:00,29.898000000000003,35.83272727272727,34.996540430046224
2025-08-13 22:00:00,23.91727272727273,29.898000000000003,29.761031131781177
2025-08-13 23:00:00,30.60333333333333,23.91727272727273,24.47679260814781
2025-08-14 00:00:00,37.92666666666667,30.60333333333333,30.366605726998767
2025-08-14 01:00:00,43.805,37.92666666666667,36.76733232436767
2025-08-14 02:00:00,44.15,43.805,41.93257347038815
2025-08-14 03:00:00,50.2075,44.15,42.30426005445955
2025-08-14 04:00:00,67.91625,50.2075,47.76759108894403
2025-08-14 05:00:00,96.94857142857144,67.91625,63.482692481132176
2025-08-14 06:00:00,82.74,96.94857142857144,89.20877677031878
2025-08-14 07:00:00,33.114,82.74,76.9782975292154
2025-08-14 08:00:00,11.303,33.114,33.359389111539926
2025-08-14 09:00:00,31.28,11.303,14.175131930372828
2025-08-14 10:00:00,39.118,31.28,31.82778484353885
2025-08-14 11:00:00,44.36125,39.118,38.80761134870646
2025-08-14 12:00:00,42.88272727272727,44.36125,43.41071033504201
2025-08-14 13:00:00,43.00375,42.88272727272727,42.07775213777373
2025-08-14 14:00:00,31.50375,43.00375,42.3649880322681
2025-08-14 15:00:00,27.543,31.50375,32.320737981863324
2025-08-14 16:00:00,21.02125,27.543,28.929290251786266
2025-08-14 17:00:00,26.456,21.02125,23.246052236613632
2025-08-14 18:00:00,29.9,26.456,27.889140962276056
2025-08-14 19:00:00,31.148888888888887,29.9,30.71502086070024
2025-08-14 20:00:00,23.738,31.148888888888887,31.728518700819066
2025-08-14 21:00:00,9.167142857142858,23.738,25.077596945023714
2025-08-14 22:00:00,20.28,9.167142857142858,12.166060852242603
2025-08-14 23:00:00,8.95,20.28,21.981897477262102
2025-08-15 00:00:00,7.87125,8.95,11.929064105746708
2025-08-15 01:00:00,5.6075,7.87125,10.882920735929467
2025-08-15 02:00:00,3.7716666666666665,5.6075,8.546159389303082
2025-08-15 03:00:00,12.02,3.7716666666666665,6.774461683494664
2025-08-15 04:00:00,7.981428571428572,12.02,13.946697261173881
2025-08-15 05:00:00,22.725,7.981428571428572,10.190190838458003
2025-08-15 06:00:00,40.057,22.725,22.94064050640281
2025-08-15 07:00:00,48.205,40.057,38.15424554649417
2025-08-15 08:00:00,53.2275,48.205,45.485352331766805
2025-08-15 09:00:00,49.644444444444446,53.2275,49.999920207803825
2025-08-15 10:00:00,42.87909090909091,49.644444444444446,47.08409208176049
2025-08-15 11:00:00,42.469,42.87909090909091,41.22977632408413
2025-08-15 12:00:00,37.65125,42.469,40.88407666040861
2025-08-15 13:00:00,29.65818181818182,37.65125,36.48933955576166
2025-08-15 14:00:00,12.358,29.65818181818182,29.31606546998574
2025-08-15 15:00:00,14.07,12.358,14.151540940360604
2025-08-15 16:00:00,11.37,14.07,15.5919538986643
2025-08-15 17:00:00,10.168333333333331,11.37,13.248926674158913
2025-08-15 18:00:00,14.514285714285714,10.168333333333331,11.916906660179135
2025-08-15 19:00:00,23.67,14.514285714285714,15.70816738629592
2025-08-15 20:00:00,14.257,23.67,23.675935428571226
2025-08-15 21:00:00,6.1725,14.257,15.297651777296094
2025-08-15 22:00:00,9.405,6.1725,8.162923569008804
2025-08-15 23:00:00,11.87125,9.405,10.950641042909806
2025-08-16 00:00:00,23.56,11.87125,13.053065547866332
2025-08-16 01:00:00,30.4825,23.56,23.43055084333936
2025-08-16 02:00:00,26.86142857142857,30.4825,29.613956201807266
2025-08-16 03:00:00,8.15,26.86142857142857,26.500684710363007
2025-08-16 04:00:00,9.05,8.15,9.966742385069653
2025-08-16 05:00:00,37.8225,9.05,10.736549541910977
2025-08-16 06:00:00,46.23285714285714,37.8225,36.17666909846578
2025-08-16 07:00:00,49.057,46.23285714285714,43.68887341892149
2025-08-16 08:00:00,41.70625,49.057,46.22703760602113
2025-08-16 09:00:00,24.191666666666663,41.70625,39.70900222225289
2025-08-16 10:00:00,25.28909090909091,24.191666666666663,24.28525227575843
2025-08-16 11:00:00,20.528,25.28909090909091,25.44328728280496
2025-08-16 12:00:00,10.50625,20.528,21.2428979687625
2025-08-16 13:00:00,14.74,10.50625,12.443795231454946
2025-08-16 14:00:00,11.78,14.74,15.88505224913021
2025-08-16 15:00:00,8.98,11.78,13.038362653822263
2025-08-16 16:00:00,9.03,8.98,10.646618872447965
2025-08-16 17:00:00,9.37,9.03,10.755856147096848
2025-08-16 18:00:00,17.580000000000002,9.37,10.951171299590005
2025-08-16 19:00:00,25.074,17.580000000000002,18.07126733903768
2025-08-16 20:00:00,16.883333333333336,25.074,24.71559457857428
2025-08-16 21:00:00,7.807272727272727,16.883333333333336,17.45183187144513
2025-08-16 22:00:00,7.409999999999999,7.807272727272727,9.456826208283246
2025-08-16 23:00:00,25.03,7.409999999999999,9.072883635485638
2025-08-17 00:00:00,32.638,25.03,24.596092209434072
2025-08-17 01:00:00,38.55285714285714,32.638,31.30564545085072
2025-08-17 02:00:00,33.49333333333333,38.55285714285714,36.52101487905236
2025-08-17 03:00:00,19.56,33.49333333333333,32.1169698212479
2025-08-17 04:00:00,10.981111111111112,19.56,19.90168843113186
2025-08-17 05:00:00,21.781,10.981111111111112,12.403448371993473
2025-08-17 06:00:00,26.074,21.781,21.81741692415709
2025-08-17 07:00:00,26.874285714285715,26.074,25.546536840941236
2025-08-17 08:00:00,22.427777777777777,26.874285714285715,26.435657032163437
2025-08-17 09:00:00,16.801666666666666,22.427777777777777,22.656936192989733
2025-08-17 10:00:00,9.714,16.801666666666666,17.720464304315264
2025-08-17 11:00:00,13.142,9.714,11.620942968576031
2025-08-17 12:00:00,20.285714285714285,13.142,14.64349175399496
2025-08-17 13:00:00,26.82555555555556,20.285714285714285,20.93779499038956
2025-08-17 14:00:00,16.518,26.82555555555556,26.73624341873036
2025-08-17 15:00:00,7.557142857142858,16.518,17.342077295024822
2025-08-17 16:00:00,5.041428571428571,7.557142857142858,9.273721206996528
2025-08-17 17:00:00,17.544,5.041428571428571,6.98698235107049
2025-08-17 18:00:00,30.067777777777778,17.544,17.979274341123038
2025-08-17 19:00:00,34.51,30.067777777777778,28.98420885589452
2025-08-17 20:00:00,17.576999999999998,34.51,32.9431082329896
2025-08-17 21:00:00,6.948,17.576999999999998,18.02914116179398
2025-08-17 22:00:00,7.528,6.948,8.601057248831452
2025-08-17 23:00:00,20.9225,7.528,9.165244788988552
2025-08-18 00:00:00,31.76888888888889,20.9225,20.960330902357697
2025-08-18 01:00:00,33.84571428571429,31.76888888888889,30.54884471182849
2025-08-18 02:00:00,25.41,33.84571428571429,32.25878835316466
2025-08-18 03:00:00,18.7275,25.41,24.792502364808495
2025-08-18 04:00:00,18.6075,18.7275,18.927931263841213
2025-08-18 05:00:00,39.52,18.6075,18.849250849470483
2025-08-18 06:00:00,41.502,39.52,37.34256994727092
2025-08-18 07:00:00,31.52625,41.502,39.21077001070944
2025-08-18 08:00:00,14.30125,31.52625,30.62456083561077
2025-08-18 09:00:00,5.796666666666667,14.30125,15.527632701121806
2025-08-18 10:00:00,12.45,5.796666666666667,8.197230446818445
2025-08-18 11:00:00,9.568333333333332,12.45,13.891510916758833
2025-08-18 12:00:00,17.701818181818183,9.568333333333332,11.144754444116924
2025-08-18 13:00:00,20.165,17.701818181818183,18.299062850117842
2025-08-18 14:00:00,11.012857142857143,20.165,20.55817615063255
2025-08-18 15:00:00,14.52,11.012857142857143,12.580683856862418
2025-08-18 16:00:00,12.03,14.52,15.619119055875093
2025-08-18 17:00:00,15.69,12.03,13.420417379094184
2025-08-18 18:00:00,21.08,15.69,16.535428662960165
2025-08-18 19:00:00,25.466666666666665,21.08,21.153292629532565
2025-08-18 20:00:00,14.608571428571429,25.466666666666665,24.867771503013675
2025-08-18 21:00:00,4.196666666666666,14.608571428571429,15.286568797001674
2025-08-18 22:00:00,5.4,4.196666666666666,6.160258392337751
2025-08-18 23:00:00,15.254,5.4,7.181795019782919
2025-08-19 00:00:00,27.05727272727273,15.254,15.849094501612509
2025-08-19 01:00:00,31.97666666666667,27.05727272727273,26.24118009715784
2025-08-19 02:00:00,21.17083333333333,31.97666666666667,30.49338196412691
2025-08-19 03:00:00,7.7925,21.17083333333333,20.982772538197246
2025-08-19 04:00:00,4.76,7.7925,9.123009362405842
2025-08-19 05:00:00,15.697272727272724,4.76,6.400380331040571
2025-08-19 06:00:00,27.386666666666667,15.697272727272724,15.958701170245034
2025-08-19 07:00:00,31.405,27.386666666666667,26.242810429309962
2025-08-19 08:00:00,18.09625,31.405,29.832061211068673
2025-08-19 09:00:00,8.373333333333333,18.09625,18.108190295646722
2025-08-19 10:00:00,7.1,8.373333333333333,9.652853298380052
2025-08-19 11:00:00,12.83,7.1,8.617640459249019
2025-08-19 12:00:00,23.91,12.83,13.701557821908402
2025-08-19 13:00:00,26.563333333333333,23.91,23.463739323110797
2025-08-19 14:00:00,15.345,26.563333333333333,25.929023650534244
2025-08-19 15:00:00,4.7188888888888885,15.345,16.154685162890793
2025-08-19 16:00:00,7.8,4.7188888888888885,6.7518574825612125
2025-08-19 17:00:00,13.685,7.8,9.294465261606353
2025-08-19 18:00:00,32.03285714285714,13.685,14.399051124097946
2025-08-19 19:00:00,35.77666666666667,32.03285714285714,30.588595266325513
2025-08-19 20:00:00,20.726666666666667,35.77666666666667,33.9026723419996
2025-08-19 21:00:00,7.117777777777778,20.726666666666667,20.656649719377985
2025-08-19 22:00:00,9.533333333333331,7.117777777777778,8.643193166292662
2025-08-19 23:00:00,21.982857142857146,9.533333333333331,10.786265664187884
2025-08-20 00:00:00,36.13166666666667,21.982857142857146,21.75407480032782
2025-08-20 01:00:00,38.513,36.13166666666667,34.25970268779986
2025-08-20 02:00:00,34.28181818181818,38.513,36.32809260951275
2025-08-20 03:00:00,32.052,34.28181818181818,32.614974008691604
2025-08-20 04:00:00,22.55,32.052,30.70155149804515
2025-08-20 05:00:00,33.89454545454546,22.55,22.356197718500315
2025-08-20 06:00:00,34.70916666666667,33.89454545454546,32.41032717461131
2025-08-20 07:00:00,32.89888888888889,34.70916666666667,33.24789572070997
2025-08-20 08:00:00,21.625,32.89888888888889,31.808064233789114
2025-08-20 09:00:00,10.921,21.625,22.088799602479437
2025-08-20 10:00:00,7.684545454545455,10.921,12.790652517580133
2025-08-20 11:00:00,13.01,7.684545454545455,10.014330944099832
2025-08-20 12:00:00,17.934166666666666,13.01,14.758465964816278
2025-08-20 13:00:00,28.80181818181818,17.934166666666666,19.075810885654434
2025-08-20 14:00:00,19.445833333333333,28.80181818181818,28.591701865241898
2025-08-20 15:00:00,7.887,19.445833333333333,20.390262930245648
2025-08-20 16:00:00,4.867,7.887,10.159301465305116
2025-08-20 17:00:00,25.46,4.867,7.4111233225055875
2025-08-20 18:00:00,38.144444444444446,25.46,25.52828541113572
2025-08-20 19:00:00,39.535555555555554,38.144444444444446,36.656912515527736
2025-08-20 20:00:00,19.437272727272727,39.535555555555554,37.86481663760577
2025-08-20 21:00:00,8.44,19.437272727272727,20.115316863975334
2025-08-20 22:00:00,6.973333333333334,8.44,10.371544454584244
2025-08-20 23:00:00,17.73,6.973333333333334,9.014294807362992
2025-08-21 00:00:00,34.14,17.73,18.422816405222335
2025-08-21 01:00:00,37.6375,34.14,32.79846905292874
2025-08-21 02:00:00,25.416363636363634,37.6375,35.85312865399551
2025-08-21 03:00:00,8.843333333333334,25.416363636363634,25.011544682399766
2025-08-21 04:00:00,14.789230769230768,8.843333333333334,10.320188722343435
2025-08-21 05:00:00,34.72727272727273,14.789230769230768,15.559324111191158
2025-08-21 06:00:00,34.295,34.72727272727273,33.11185522808498
2025-08-21 07:00:00,36.3625,34.295,32.80739195568252
2025-08-21 08:00:00,25.9875,36.3625,34.67185139543835
2025-08-21 09:00:00,12.76,25.9875,25.63267806096997
2025-08-21 10:00:00,9.898888888888887,12.76,14.155261551988948
2025-08-21 11:00:00,24.69,9.898888888888887,11.656046076801163
2025-08-21 12:00:00,35.784444444444446,24.69,24.634362633828616
2025-08-21 13:00:00,36.939,35.784444444444446,34.4076827192108
2025-08-21 14:00:00,20.066666666666663,36.939,35.63057458290387
2025-08-21 15:00:00,10.93,20.066666666666663,20.780287061569044
2025-08-21 16:00:00,14.175,10.93,12.763651534845037
2025-08-21 17:00:00,14.053636363636365,14.175,15.548403287186323
2025-08-21 18:00:00,22.986666666666665,14.053636363636365,15.381281595042362
2025-08-21 19:00:00,32.846363636363634,22.986666666666665,23.157575562943894
2025-08-21 20:00:00,16.60909090909091,32.846363636363634,31.751861340069226
2025-08-21 21:00:00,7.886666666666667,16.60909090909091,17.434430343377393
2025-08-21 22:00:00,6.785,7.886666666666667,9.664227267078392
2025-08-21 23:00:00,11.174444444444443,6.785,8.685830103356635
2025-08-22 00:00:00,28.687,11.174444444444443,12.533219798099884
2025-08-22 01:00:00,34.56625,28.687,27.955509175918944
2025-08-22 02:00:00,30.90833333333333,34.56625,33.12943269441777
2025-08-22 03:00:00,25.10625,30.90833333333333,29.924995751679024
2025-08-22 04:00:00,14.431,25.10625,24.866417093782403
2025-08-22 05:00:00,24.92428571428572,14.431,15.455095380789977
2025-08-22 06:00:00,27.4475,24.92428571428572,24.702558729486498
2025-08-22 07:00:00,26.110000000000003,27.4475,27.00564055741971
2025-08-22 08:00:00,15.401818181818184,26.110000000000003,25.889190070864803
2025-08-22 09:00:00,7.69125,15.401818181818184,16.511465327049507
2025-08-22 10:00:00,6.521666666666666,7.69125,9.745306312032474
2025-08-22 11:00:00,12.223333333333334,6.521666666666666,8.752266874964821
2025-08-22 12:00:00,11.438,12.223333333333334,13.70622661735025
2025-08-22 13:00:00,16.295,11.438,12.829375969267332
2025-08-22 14:00:00,9.578333333333331,16.295,17.14199171848237
2025-08-22 15:00:00,10.49,9.578333333333331,11.313046468812214
2025-08-22 16:00:00,12.475,10.49,12.088106753648804
2025-08-22 17:00:00,15.14857142857143,12.475,13.811758614270717
2025-08-22 18:00:00,31.186666666666667,15.14857142857143,16.07040769444945
2025-08-22 19:00:00,31.62142857142857,31.186666666666667,30.160544148455617
2025-08-22 20:00:00,16.830000000000002,31.62142857142857,30.51926078584891
2025-08-22 21:00:00,10.933333333333332,16.830000000000002,17.403537781734407
2025-08-22 22:00:00,17.32,10.933333333333332,12.134552397076192
2025-08-22 23:00:00,14.50875,17.32,17.745273858021484
2025-08-23 00:00:00,30.6075,14.50875,15.224109416185058
2025-08-23 01:00:00,40.35666666666666,30.6075,29.39763554703512
2025-08-23 02:00:00,31.47111111111112,40.35666666666666,37.96154038685897
2025-08-23 03:00:00,15.2375,31.47111111111112,30.159650753314974
2025-08-23 04:00:00,11.15,15.2375,15.76610770378193
2025-08-23 05:00:00,18.36,11.15,12.155405614941412
2025-08-23 06:00:00,23.55,18.36,18.487392746193134
2025-08-23 07:00:00,29.0675,23.55,23.14772725424584
2025-08-23 08:00:00,23.67714285714285,29.0675,28.195907292685007
2025-08-23 09:00:00,7.362,23.67714285714285,23.60078483434848
2025-08-23 10:00:00,5.321428571428571,7.362,9.367313382470224
2025-08-23 11:00:00,15.874285714285715,5.321428571428571,7.291472993819023
2025-08-23 12:00:00,20.73125,15.874285714285715,16.76181159351293
2025-08-23 13:00:00,23.432222222222222,20.73125,21.228428345062124
2025-08-23 14:00:00,18.31,23.432222222222222,23.63311045079543
2025-08-23 15:00:00,14.242,18.31,19.145376293174376
2025-08-23 16:00:00,13.013333333333334,14.242,15.571987134328209
2025-08-23 17:00:00,24.5475,13.013333333333334,14.490724930955716
2025-08-23 18:00:00,44.291250000000005,24.5475,24.442115072215522
2025-08-23 19:00:00,53.91833333333333,44.291250000000005,41.85219448308567
2025-08-23 20:00:00,45.07222222222222,53.91833333333333,50.229709184045475
2025-08-23 21:00:00,31.765,45.07222222222222,42.499037203765695
2025-08-23 22:00:00,23.8,31.765,30.814557021360304
2025-08-23 23:00:00,39.794,23.8,23.760903594999718
2025-08-24 00:00:00,60.275000000000006,39.794,37.91335171423697
2025-08-24 01:00:00,68.385,60.275000000000006,56.071083735354165
2025-08-24 02:00:00,59.024,68.385,63.29300316486801
2025-08-24 03:00:00,43.9075,59.024,55.11115851559639
2025-08-24 04:00:00,39.25833333333333,43.9075,41.85129705721083
2025-08-24 05:00:00,50.815714285714286,39.25833333333333,37.87893411451762
2025-08-24 06:00:00,54.14166666666667,50.815714285714286,48.17322195185774
2025-08-24 07:00:00,42.1,54.14166666666667,51.2750066979808
2025-08-24 08:00:00,27.459,42.1,40.893995431687046
2025-08-24 09:00:00,15.88,27.459,28.232932099274564
2025-08-24 10:00:00,14.41,15.88,18.210489097972463
2025-08-24 11:00:00,9.977142857142857,14.41,17.021304916679824
2025-08-24 12:00:00,17.948,9.977142857142857,13.121216444398764
2025-08-24 13:00:00,21.41333333333333,17.948,20.008885442939338
2025-08-24 14:00:00,16.0,21.41333333333333,22.821258278045267
2025-08-24 15:00:00,8.049999999999999,16.0,18.036759370990843
2025-08-24 16:00:00,9.925,8.049999999999999,11.05579766410527
2025-08-24 17:00:00,18.645714285714284,9.925,12.626991112438269
2025-08-24 18:00:00,20.49571428571429,18.645714285714284,20.280756689495547
2025-08-24 19:00:00,22.72,20.49571428571429,21.78295845606893
2025-08-24 20:00:00,13.89375,22.72,23.559973922604687
2025-08-24 21:00:00,12.38,13.89375,15.62321542682676
2025-08-24 22:00:00,13.87,12.38,14.256306049948694
2025-08-24 23:00:00,16.021428571428572,13.87,15.538276012208806
2025-08-25 00:00:00,29.66,16.021428571428572,17.406324569804035
2025-08-25 01:00:00,33.64,29.66,29.40778483860721
2025-08-25 02:00:00,28.6,33.64,32.85776996448189
2025-08-25 03:00:00,11.41,28.6,28.34569229358201
2025-08-25 04:00:00,9.3,11.41,13.089497673885568
2025-08-25 05:00:00,7.91,9.3,11.131310991001222
2025-08-25 06:00:00,15.12,7.91,9.576601819296767
2025-08-25 07:00:00,15.17,15.12,15.829109789084473
2025-08-25 08:00:00,13.28,15.17,16.0106009595949
2025-08-25 09:00:00,10.75,13.28,14.217671994803625
2025-08-25 10:00:00,13.28,10.75,11.889101601775591
2025-08-25 11:00:00,14.18,13.28,14.161372019872072
2025-08-25 12:00:00,15.11,14.18,14.807809433180248
2025-08-25 13:00:00,13.15,15.11,15.589368086617796
2025-08-25 14:00:00,11.35,13.15,13.945810581665187
2025-08-25 15:00:00,9.36,11.35,12.233565996826652
2025-08-25 16:00:00,16.85,9.36,10.592159400259682
2025-08-25 17:00:00,16.653333333333332,16.85,17.08545724383191
2025-08-25 18:00:00,17.86,16.653333333333332,16.888346928769785
2025-08-25 19:00:00,15.23,17.86,17.9161243189491
2025-08-25 20:00:00,13.27,15.23,15.593263693272712
2025-08-25 21:00:00,10.45,13.27,13.870123830073766
2025-08-25 22:00:00,12.27,10.45,11.379550654285671
2025-08-25 23:00:00,11.31,12.27,12.959755351366722
2025-08-26 00:00:00,9.23,11.31,12.131571100040293
2025-08-26 01:00:00,7.6,9.23,10.179075311458664
2025-08-26 02:00:00,10.83,7.6,8.624977962630226
2025-08-26 03:00:00,10.76,10.83,11.41292991029862
2025-08-26 04:00:00,15.11,10.76,11.347392712693079
2025-08-26 05:00:00,14.42,15.11,15.199585103257384
2025-08-26 06:00:00,11.1,14.42,14.61306709109915
2025-08-26 07:00:00,9.99,11.1,11.674778947173852
2025-08-26 08:00:00,13.68,9.99,10.667393727893806
2025-08-26 09:00:00,12.8,13.68,13.921426106049445
2025-08-26 10:00:00,14.44,12.8,13.120458231514014
2025-08-26 11:00:00,14.09,14.44,14.620835009980665
2025-08-26 12:00:00,11.17,14.09,14.288246270436904
2025-08-26 13:00:00,15.1,11.17,11.714931540213431
2025-08-26 14:00:00,14.1,15.1,15.255326616818653
2025-08-26 15:00:00,11.2,14.1,14.50638435564911
2025-08-26 16:00:00,8.58,11.2,11.98662721992164
2025-08-26 17:00:00,6.61,8.58,9.515721385312837
2025-08-26 18:00:00,5.7,6.61,7.771124760636059
2025-08-26 19:00:00,4.46,5.7,6.848789228433425
2025-08-26 20:00:00,5.01,4.46,5.677286229250348
2025-08-26 21:00:00,5.53,5.01,6.1395552027811355
2025-08-26 22:00:00,7.57,5.53,6.581522378661723
2025-08-26 23:00:00,14.64,7.57,8.338655882779506
2025-08-27 00:00:00,13.94,14.64,14.526035793645107
2025-08-27 01:00:00,10.57,13.94,13.92470007473934
2025-08-27 02:00:00,8.29,10.57,10.968978745836575
2025-08-27 03:00:00,7.17,8.29,8.979473424849324
2025-08-27 04:00:00,12.2,7.17,7.981897476107627
2025-08-27 05:00:00,12.33,12.2,12.406088077910146
2025-08-27 06:00:00,11.7,12.33,12.540809356624038
2025-08-27 07:00:00,9.7,11.7,11.955378410233509
2025-08-27 08:00:00,8.23,9.7,10.186435482534048
2025-08-27 09:00:00,6.93,8.23,8.894571749464987
2025-08-27 10:00:00,8.96,6.93,7.7511606764935
2025-08-27 11:00:00,16.7,8.96,9.574840116627488
2025-08-27 12:00:00,15.58,16.7,16.423383681415483
2025-08-27 13:00:00,19.57,15.58,15.545889933392987
2025-08-27 14:00:00,18.65,19.57,19.159234824724024
2025-08-27 15:00:00,14.14,18.65,18.52269223267278
2025-08-27 16:00:00,30.56,14.14,14.560306946133235
2025-08-27 17:00:00,41.24,30.56,29.0313782642325
2025-08-27 18:00:00,34.35,41.24,38.401925180687755
2025-08-27 19:00:00,31.57,34.35,32.34770629981428
2025-08-27 20:00:00,30.3,31.57,29.9688013501013
2025-08-27 21:00:00,33.54,30.3,28.90821608170425
2025-08-27 22:00:00,45.21,33.54,31.857654293043748
2025-08-27 23:00:00,41.34,45.21,42.21763917745619
2025-08-28 00:00:00,42.45,41.34,38.84444960022445
2025-08-28 01:00:00,46.35,42.45,39.892549091792944
2025-08-28 02:00:00,38.81,46.35,43.45467850746631
2025-08-28 03:00:00,51.02,38.81,36.9100241594802
2025-08-28 04:00:00,48.12,51.02,47.820918355178335
2025-08-28 05:00:00,50.81,48.12,45.38771685205593
2025-08-28 06:00:00,43.89,50.81,47.91268411674167
2025-08-28 07:00:00,43.3,43.89,42.01352595612565
2025-08-28 08:00:00,35.92,43.3,41.66680911778187
2025-08-28 09:00:00,31.58,35.92,35.347158502420896
2025-08-28 10:00:00,8.867777777777778,31.58,31.817146128867993
2025-08-28 11:00:00,19.602,8.867777777777778,12.011354557804445
2025-08-28 12:00:00,25.81222222222222,19.602,21.535672668528512
2025-08-28 13:00:00,20.25857142857143,25.81222222222222,27.035719295480888
2025-08-28 14:00:00,9.76,20.25857142857143,22.11709520488954
2025-08-28 15:00:00,9.041428571428572,9.76,13.005637592583179
2025-08-28 16:00:00,16.901999999999997,9.041428571428572,11.912880779376138
2025-08-28 17:00:00,32.40714285714286,16.901999999999997,18.769251123347495
2025-08-28 18:00:00,41.98272727272728,32.40714285714286,32.241508849369225
2025-08-28 19:00:00,37.30125,41.98272727272728,40.66187698597865
2025-08-28 20:00:00,18.871111111111112,37.30125,36.68147567980222
2025-08-28 21:00:00,13.647142857142857,18.871111111111112,20.426139537618777
2025-08-28 22:00:00,26.469,13.647142857142857,15.627761371439835
2025-08-28 23:00:00,44.375,26.469,26.732114666882175
2025-08-29 00:00:00,52.51500000000001,44.375,42.475333002901735
2025-08-29 01:00:00,50.975,52.51500000000001,49.63336344042139
2025-08-29 02:00:00,41.446666666666665,50.975,48.3250509209807
2025-08-29 03:00:00,33.42625,41.446666666666665,39.968470878750765
2025-08-29 04:00:00,41.55166666666667,33.42625,32.870307749286866
2025-08-29 05:00:00,57.60125,41.55166666666667,40.04963128425291
2025-08-29 06:00:00,52.6,57.60125,54.21816276894431
2025-08-29 07:00:00,36.47625,52.6,49.85409839235909
2025-08-29 08:00:00,14.677,36.47625,35.94903577561497
2025-08-29 09:00:00,15.95,14.677,16.660704669386384
2025-08-29 10:00:00,6.651999999999999,15.95,17.90374751373114
2025-08-29 11:00:00,14.714285714285714,6.651999999999999,9.793666367702855
2025-08-29 12:00:00,25.65636363636364,14.714285714285714,16.87753045752086
2025-08-29 13:00:00,20.21625,25.65636363636364,26.476474980283083
2025-08-29 14:00:00,8.102222222222222,20.21625,21.499571213966355
2025-08-29 15:00:00,9.75,8.102222222222222,10.816858408625322
2025-08-29 16:00:00,16.63222222222222,9.75,12.078708327537653
2025-08-29 17:00:00,31.33375,16.63222222222222,18.16818638243076
2025-08-29 18:00:00,32.95916666666667,31.33375,30.908743009574653
2025-08-29 19:00:00,26.18,32.95916666666667,32.309773875527306
2025-08-29 20:00:00,11.592,26.18,26.317354136442983
2025-08-29 21:00:00,19.03,11.592,13.43723211893294
2025-08-29 22:00:00,8.953333333333333,19.03,20.126757449048295
2025-08-29 23:00:00,18.395,8.953333333333333,11.219621150760275
2025-08-30 00:00:00,24.42333333333333,18.395,19.40318645232426
2025-08-30 01:00:00,21.746,24.42333333333333,24.572555287696403
2025-08-30 02:00:00,9.975714285714286,21.746,22.03374445582571
2025-08-30 03:00:00,17.18,9.975714285714286,11.585495171342885
2025-08-30 04:00:00,12.289090909090907,17.18,17.80386006849679
2025-08-30 05:00:00,26.035,12.289090909090907,13.396649865409172
2025-08-30 06:00:00,31.24272727272728,26.035,25.406597215772567
2025-08-30 07:00:00,26.44,31.24272727272728,29.97013669593809
2025-08-30 08:00:00,13.661,26.44,25.918679233326596
2025-08-30 09:00:00,6.6225000000000005,13.661,14.945471148945535
2025-08-30 10:00:00,10.562222222222225,6.6225000000000005,8.709996964527779
2025-08-30 11:00:00,23.75125,10.562222222222225,12.18087631414562
2025-08-30 12:00:00,28.255000000000003,23.75125,23.547264505755717
2025-08-30 13:00:00,14.982222222222225,28.255000000000003,27.876543841761446
2025-08-30 14:00:00,7.854999999999999,14.982222222222225,15.894952811059829
2025-08-30 15:00:00,9.25,7.854999999999999,9.557357630373533
2025-08-30 16:00:00,8.440000000000001,9.25,10.683639734219753
2025-08-30 17:00:00,20.94181818181818,8.440000000000001,9.88100264941961
2025-08-30 18:00:00,22.156153846153845,20.94181818181818,20.766511565249246
2025-08-30 19:00:00,15.0,22.156153846153845,21.82134617859995
2025-08-30 20:00:00,6.014,15.0,15.430114481437675
2025-08-30 21:00:00,10.31,6.014,7.5463027261812154
2025-08-30 22:00:00,12.55375,10.31,11.307434303880827
2025-08-30 23:00:00,29.337,12.55375,13.32105175681458
2025-08-31 00:00:00,34.93,29.337,28.094285243392253
2025-08-31 01:00:00,31.27272727272728,34.93,33.01196376306298
2025-08-31 02:00:00,21.722,31.27272727272728,29.769020155517065
2025-08-31 03:00:00,16.216666666666665,21.722,21.416418828344515
2025-08-31 04:00:00,22.19090909090909,16.216666666666665,16.56363987943277
2025-08-31 05:00:00,31.20375,22.19090909090909,21.808701865935717
2025-08-31 06:00:00,35.38363636363636,31.20375,29.804427345910714
2025-08-31 07:00:00,26.88777777777777,35.38363636363636,33.602829135709825
2025-08-31 08:00:00,11.429,26.88777777777777,26.101985608826723
2025-08-31 09:00:00,4.9775,11.429,12.649139146105139
2025-08-31 10:00:00,8.807142857142857,4.9775,7.018029888431059
2025-08-31 11:00:00,18.893,8.807142857142857,10.642291907477434
2025-08-31 12:00:00,23.99833333333333,18.893,19.564207396269673
2025-08-31 13:00:00,19.0625,23.99833333333333,23.62795509964217
2025-08-31 14:00:00,6.0200000000000005,19.0625,19.394068564370063
2025-08-31 15:00:00,9.11,6.0200000000000005,7.913216433801097
2025-08-31 16:00:00,6.905,9.11,10.666981833167883
2025-08-31 17:00:00,18.80333333333333,6.905,8.665647359337552
2025-08-31 18:00:00,31.016666666666666,18.80333333333333,19.012956380632566
2025-08-31 19:00:00,29.605,31.016666666666666,29.81842876841385
2025-08-31 20:00:00,17.572,29.605,28.61776906057217
2025-08-31 21:00:00,9.916666666666666,17.572,18.02557645757847
2025-08-31 22:00:00,20.85090909090909,9.916666666666666,11.25073200638392
2025-08-31 23:00:00,47.122,20.85090909090909,20.837201179364683
2025-09-01 00:00:00,50.453,47.122,44.025455745633124
2025-09-01 01:00:00,44.042,50.453,46.983038841354656
2025-09-01 02:00:00,32.98666666666667,44.042,41.35062297179165
2025-09-01 03:00:00,23.903,32.98666666666667,31.65467915894201
2025-09-01 04:00:00,34.834545454545456,23.903,23.701912834344107
2025-09-01 05:00:00,54.78454545454545,34.834545454545456,33.38012695260274
2025-09-01 06:00:00,59.035,54.78454545454545,51.02072653064728
2025-09-01 07:00:00,49.574444444444445,59.035,54.97849186178996
2025-09-01 08:00:00,27.18888888888889,49.574444444444445,46.73353494198321
2025-09-01 09:00:00,14.7625,27.18888888888889,27.155176277512744
2025-09-01 10:00:00,12.646666666666668,14.7625,16.40709990145193
2025-09-01 11:00:00,20.56,12.646666666666668,14.651551676759679
2025-09-01 12:00:00,23.16,20.56,21.653072476560194
2025-09-01 13:00:00,19.94,23.16,24.048875708064152
2025-09-01 14:00:00,23.95,19.94,21.235505852722916
2025-09-01 15:00:00,21.97,23.95,24.913033405795932
2025-09-01 16:00:00,26.52,21.97,23.16137039733161
2025-09-01 17:00:00,23.656666666666663,26.52,27.081640097570094
2025-09-01 18:00:00,28.01,23.656666666666663,24.36204119037187
2025-09-01 19:00:00,25.5,28.01,28.113137619191452
2025-09-01 20:00:00,19.58,25.5,25.839373630800758
2025-09-01 21:00:00,14.97,19.58,20.54968672601494
2025-09-01 22:00:00,23.92,14.97,16.50786538113048
2025-09-01 23:00:00,23.27,23.92,24.38033925561709
2025-09-02 00:00:00,21.87,23.27,23.702394570982992
2025-09-02 01:00:00,19.21,21.87,22.349220157876207
2025-09-02 02:00:00,16.35,19.21,19.89288178069639
2025-09-02 03:00:00,13.89,16.35,17.26380887015839
2025-09-02 04:00:00,19.5,13.89,15.036518700440997
2025-09-02 05:00:00,18.77,19.5,19.959301737200864
2025-09-02 06:00:00,14.17,18.77,19.195709348580024
2025-09-02 07:00:00,15.23,14.17,15.120061625108828
2025-09-02 08:00:00,23.74,15.23,16.1062755805248
2025-09-02 09:00:00,21.42,23.74,23.775945723317705
2025-09-02 10:00:00,33.75,21.42,21.881917379363223
2025-09-02 11:00:00,34.21,33.75,32.897364334864186
2025-09-02 12:00:00,34.4,34.21,33.37213812159118
2025-09-02 13:00:00,28.82,34.4,33.60253770632879
2025-09-02 14:00:00,21.45,28.82,28.652581032360736
2025-09-02 15:00:00,16.52,21.45,22.183085410307573
2025-09-02 16:00:00,21.41,16.52,17.87668952601969
2025-09-02 17:00:00,22.5,21.41,21.99377400180638
2025-09-02 18:00:00,18.7,22.5,22.766054028982868
2025-09-02 19:00:00,16.26,18.7,19.280284307396236
2025-09-02 20:00:00,19.87,16.26,17.057760800333128
2025-09-02 21:00:00,17.68,19.87,20.242572344996695
2025-09-02 22:00:00,16.05,17.68,18.321146612046697
2025-09-02 23:00:00,19.06,16.05,16.834305100094852
2025-09-03 00:00:00,25.58,19.06,19.39059267861428
2025-09-03 01:00:00,22.31,25.58,25.09775072383009
2025-09-03 02:00:00,15.8,22.31,22.200184024397334
2025-09-03 03:00:00,13.42,15.8,16.43608229810191
2025-09-03 04:00:00,18.59777777777778,13.42,14.33656849155927
2025-09-03 05:00:00,48.82857142857143,18.59777777777778,18.872287181534595
2025-09-03 06:00:00,61.26499999999999,48.82857142857143,45.591911499420235
2025-09-03 07:00:00,48.182500000000005,61.26499999999999,56.806625024790364
2025-09-03 08:00:00,16.47,48.182500000000005,45.66084865539277
2025-09-03 09:00:00,49.622,16.47,17.95165931152676
2025-09-03 10:00:00,65.93272727272728,49.622,47.397695920182585
2025-09-03 11:00:00,3.640909090909091,65.93272727272728,61.9607283014559
2025-09-03 12:00:00,6.060909090909092,3.640909090909091,6.998362796257204
2025-09-03 13:00:00,11.171,6.060909090909092,9.113357836208532
2025-09-03 14:00:00,16.448333333333334,11.171,13.48269796382826
2025-09-03 15:00:00,21.086666666666662,16.448333333333334,18.03331206520233
2025-09-03 16:00:00,24.4175,21.086666666666662,22.084656487523525
2025-09-03 17:00:00,20.279000000000003,24.4175,24.827324497613485
2025-09-03 18:00:00,23.16928571428572,20.279000000000003,21.041379151645888
2025-09-03 19:00:00,25.395,23.16928571428572,23.55317738268408
2025-09-03 20:00:00,19.89181818181818,25.395,25.58101025206851
2025-09-03 21:00:00,19.492727272727272,19.89181818181818,20.650455528894604
2025-09-03 22:00:00,24.55727272727273,19.492727272727272,20.25384153787849
2025-09-03 23:00:00,27.08,24.55727272727273,24.695694427881175
2025-09-04 00:00:00,25.454166666666666,27.08,26.924097489084456
2025-09-04 01:00:00,23.422727272727272,25.454166666666666,25.4938523051457
2025-09-04 02:00:00,20.95909090909091,23.422727272727272,23.65433966997112
2025-09-04 03:00:00,16.42909090909091,20.95909090909091,21.476106580295127
2025-09-04 04:00:00,21.065,16.42909090909091,17.438796495531633
2025-09-04 05:00:00,24.69,21.065,21.509765254988686
2025-09-04 06:00:00,27.33923076923077,24.69,24.624667288162378
2025-09-04 07:00:00,25.702,27.33923076923077,26.913104739478307
2025-09-04 08:00:00,16.938333333333333,25.702,25.615496468505665
2025-09-04 09:00:00,8.121666666666666,16.938333333333333,18.239244777714394
2025-09-04 10:00:00,9.67,8.121666666666666,10.51539339477129
2025-09-04 11:00:00,13.190833333333332,9.67,11.768900593010923
2025-09-04 12:00:00,17.414285714285715,13.190833333333332,14.924764887554494
2025-09-04 13:00:00,22.339166666666667,17.414285714285715,18.68222815798203
2025-09-04 14:00:00,26.47307692307692,22.339166666666667,23.00318112168919
2025-09-04 15:00:00,34.335454545454546,26.47307692307692,26.626418488307518
2025-09-04 16:00:00,40.59333333333333,34.335454545454546,33.54867992960953
2025-09-04 17:00:00,31.917,40.59333333333333,38.96628902457188
2025-09-04 18:00:00,23.14785714285714,31.917,31.14687958446988
2025-09-04 19:00:00,19.97111111111112,23.14785714285714,23.372691907480586
2025-09-04 20:00:00,18.21,19.97111111111112,20.720249062051078
2025-09-04 21:00:00,19.09,18.21,19.089271975181198
2025-09-04 22:00:00,24.181538461538462,19.09,19.760245866629944
2025-09-04 23:00:00,26.47833333333333,24.181538461538462,24.14040875879163
2025-09-05 00:00:00,27.49857142857143,26.47833333333333,26.11380482770948
2025-09-05 01:00:00,26.70636363636364,27.49857142857143,26.96575748052229
2025-09-05 02:00:00,22.22083333333333,26.70636363636364,26.254617669160375
2025-09-05 03:00:00,16.19818181818182,22.22083333333333,22.252345174309255
2025-09-05 04:00:00,19.0625,16.19818181818182,16.888472524909055
2025-09-05 05:00:00,25.575,19.0625,19.409992910083847
2025-09-05 06:00:00,27.815,25.575,25.126550989697602
2025-09-05 07:00:00,25.675555555555555,27.815,27.196078487301545
2025-09-05 08:00:00,19.365384615384617,25.675555555555555,25.55775318572519
2025-09-05 09:00:00,9.34,19.365384615384617,20.32699870085618
2025-09-05 10:00:00,6.311428571428571,9.34,11.676806151118509
2025-09-05 11:00:00,6.9025,6.311428571428571,9.070581614885242
2025-09-05 12:00:00,10.38923076923077,6.9025,9.61983365558876
2025-09-05 13:00:00,17.268333333333334,10.38923076923077,12.668259252726386
2025-09-05 14:00:00,19.90928571428572,17.268333333333334,18.68478137341784
2025-09-05 15:00:00,25.115,19.90928571428572,20.935004986251585
2025-09-05 16:00:00,29.89333333333333,25.115,25.44217674294676
2025-09-05 17:00:00,25.435,29.89333333333333,29.488055037809954
2025-09-05 18:00:00,25.642857142857142,25.435,25.358435665976934
2025-09-05 19:00:00,24.274166666666662,25.642857142857142,25.446585899703923
2025-09-05 20:00:00,15.90846153846154,24.274166666666662,24.232347181717977
2025-09-05 21:00:00,14.05181818181818,15.90846153846154,16.77075839290682
2025-09-05 22:00:00,16.455454545454543,14.05181818181818,15.095242028619293
2025-09-05 23:00:00,17.468888888888888,16.455454545454543,17.194918845900542
2025-09-06 00:00:00,18.92833333333333,17.468888888888888,18.00734108717718
2025-09-06 01:00:00,17.038999999999998,18.92833333333333,19.21771194025701
2025-09-06 02:00:00,13.598571428571429,17.038999999999998,17.442081667844185
2025-09-06 03:00:00,12.389090909090909,13.598571428571429,14.329759112507105
2025-09-06 04:00:00,16.713076923076922,12.389090909090909,13.252576328303622
2025-09-06 05:00:00,26.975,16.713076923076922,17.00043186808071
2025-09-06 06:00:00,31.567857142857143,26.975,26.052549395305345
2025-09-06 07:00:00,26.549,31.567857142857143,30.232458155784144
2025-09-06 08:00:00,17.59,26.549,26.06229055958494
2025-09-06 09:00:00,12.982,17.59,18.2558336399969
2025-09-06 10:00:00,9.84142857142857,12.982,14.280704625540901
2025-09-06 11:00:00,10.9,9.84142857142857,11.627488545970134
2025-09-06 12:00:00,13.194285714285714,10.9,12.712757881298966
2025-09-06 13:00:00,17.135,13.194285714285714,14.824129815456404
2025-09-06 14:00:00,15.194166666666668,17.135,18.326148445614304
2025-09-06 15:00:00,18.38416666666667,15.194166666666668,16.547068915725365
2025-09-06 16:00:00,22.54357142857143,18.38416666666667,19.0042908335907
2025-09-06 17:00:00,19.703333333333333,22.54357142857143,22.437800358104486
2025-09-06 18:00:00,15.956363636363635,19.703333333333333,19.89127707325938
2025-09-06 19:00:00,18.12909090909091,15.956363636363635,16.530624737245045
2025-09-06 20:00:00,16.496666666666666,18.12909090909091,18.496670331460432
2025-09-06 21:00:00,15.664166666666668,16.496666666666666,17.037564287370706
2025-09-06 22:00:00,16.584285714285716,15.664166666666668,16.319092067858318
2025-09-06 23:00:00,16.883636363636363,16.584285714285716,17.079732964543478
2025-09-07 00:00:00,20.27083333333333,16.883636363636363,17.26535899929376
2025-09-07 01:00:00,21.4375,20.27083333333333,20.201421659764982
2025-09-07 02:00:00,20.2,21.4375,21.217397792490928
2025-09-07 03:00:00,20.396666666666665,20.2,20.07060680931962
2025-09-07 04:00:00,24.70307692307692,20.396666666666665,20.219806367237624
2025-09-07 05:00:00,29.40083333333333,24.70307692307692,24.018743038660535
2025-09-07 06:00:00,36.43,29.40083333333333,28.166193426717687
2025-09-07 07:00:00,30.899999999999995,36.43,34.52947735652525
2025-09-07 08:00:00,24.642857142857142,30.899999999999995,29.96953902057405
2025-09-07 09:00:00,45.6025,24.642857142857142,24.777187760125987
2025-09-07 10:00:00,43.440000000000005,45.6025,43.43965306952754
2025-09-07 11:00:00,25.196,43.440000000000005,41.801402474004604
2025-09-07 12:00:00,27.39230769230769,25.196,25.873897700074714
2025-09-07 13:00:00,26.13083333333333,27.39230769230769,27.8793718882611
2025-09-07 14:00:00,25.124615384615385,26.13083333333333,26.822827160115775
2025-09-07 15:00:00,36.96083333333333,25.124615384615385,25.99773569200706
2025-09-07 16:00:00,44.879230769230766,36.96083333333333,36.44233110135994
2025-09-07 17:00:00,41.045,44.879230769230766,43.38841699369736
2025-09-07 18:00:00,47.73666666666667,41.045,39.795002016719536
2025-09-07 19:00:00,49.745000000000005,47.73666666666667,45.78418272187224
2025-09-07 20:00:00,42.32214285714286,49.745000000000005,47.687041785899126
2025-09-07 21:00:00,36.884166666666665,42.32214285714286,41.18412304869837
2025-09-07 22:00:00,39.42428571428571,36.884166666666665,36.43760028579085
2025-09-07 23:00:00,39.64333333333334,39.42428571428571,38.67489693027437
2025-09-08 00:00:00,53.23384615384615,39.64333333333334,38.865924317141435
2025-09-08 01:00:00,66.18166666666666,53.23384615384615,50.9336528822987
2025-09-08 02:00:00,68.85666666666667,66.18166666666666,62.49624528387645
2025-09-08 03:00:00,70.73818181818181,68.85666666666667,64.99106372230362
2025-09-08 04:00:00,75.58714285714287,70.73818181818181,66.74118735977146
2025-09-08 05:00:00,75.34833333333334,75.58714285714287,71.18519132044824
2025-09-08 06:00:00,68.17076923076924,75.34833333333334,71.04662057376001
2025-09-08 07:00:00,53.662,68.17076923076924,64.91892407378072
2025-09-08 08:00:00,38.78,53.662,52.3210015571062
2025-09-08 09:00:00,31.53727272727273,38.78,39.424507467575125
2025-09-08 10:00:00,28.197142857142858,31.53727272727273,33.19500218870293
2025-09-08 11:00:00,32.03545454545454,28.197142857142858,30.33203457072363
2025-09-08 12:00:00,43.77928571428571,32.03545454545454,33.76037897552547
2025-09-08 13:00:00,54.97083333333333,43.77928571428571,44.18920039668646
2025-09-08 14:00:00,62.844166666666666,54.97083333333333,54.1506169715817
2025-09-08 15:00:00,68.44272727272727,62.844166666666666,61.21667289274015
2025-09-08 16:00:00,64.35142857142857,68.44272727272727,66.28716520515403
2025-09-08 17:00:00,48.63999999999999,64.35142857142857,62.58807431923363
2025-09-08 18:00:00,38.04,48.63999999999999,48.55881083100013
2025-09-08 19:00:00,31.512,38.04,39.10804694091111
2025-09-08 20:00:00,24.33111111111111,31.512,33.18948023071553
2025-09-08 21:00:00,25.121666666666663,24.33111111111111,26.724968078643418
2025-09-08 22:00:00,29.00181818181818,25.121666666666663,27.389269141628347
2025-09-08 23:00:00,27.813,29.00181818181818,30.77982206820475
2025-09-09 00:00:00,30.177857142857142,27.813,29.641573179020668
2025-09-09 01:00:00,31.541666666666668,30.177857142857142,31.598417510168233
2025-09-09 02:00:00,24.38833333333333,31.541666666666668,32.603788945864935
2025-09-09 03:00:00,21.011000000000003,24.38833333333333,26.099034866316693
2025-09-09 04:00:00,29.606428571428573,21.011000000000003,22.929016731775533
2025-09-09 05:00:00,27.57,29.606428571428573,30.27283382394723
2025-09-09 06:00:00,20.48,27.57,28.31840663624923
2025-09-09 07:00:00,20.11,20.48,21.95713248434569
2025-09-09 08:00:00,17.37,20.11,21.660026051623955
2025-09-09 09:00:00,8.931818181818182,17.37,19.276737505187548
2025-09-09 10:00:00,16.685,8.931818181818182,11.785278983720508
2025-09-09 11:00:00,30.326666666666668,16.685,18.65254135114841
2025-09-09 12:00:00,33.86,30.326666666666668,30.721036014820708
2025-09-09 13:00:00,31.412,33.86,33.768342129708685
2025-09-09 14:00:00,21.928461538461537,31.412,31.581087577282037
2025-09-09 15:00:00,23.6775,21.928461538461537,23.13585752984597
2025-09-09 16:00:00,29.693076923076923,23.6775,24.19226100433545
2025-09-09 17:00:00,37.53272727272727,29.693076923076923,29.353918284683576
2025-09-09 18:00:00,37.44461538461539,37.53272727272727,36.174921024957996
2025-09-09 19:00:00,29.227272727272727,37.44461538461539,36.012308037953304
2025-09-09 20:00:00,19.26,29.227272727272727,28.708652851998522
2025-09-09 21:00:00,19.58,19.26,19.932786631109288
2025-09-09 22:00:00,27.91642857142857,19.58,20.169285106290616
2025-09-09 23:00:00,32.46888888888889,27.91642857142857,27.461614823908256
2025-09-10 00:00:00,30.48785714285714,32.46888888888889,31.544285336852727
2025-09-10 01:00:00,26.17727272727273,30.48785714285714,29.800724518729883
2025-09-10 02:00:00,25.40833333333333,26.17727272727273,25.959330342873812
2025-09-10 03:00:00,30.820000000000004,25.40833333333333,25.284919479554272
2025-09-10 04:00:00,48.39545454545455,30.820000000000004,30.060864465897133
2025-09-10 05:00:00,49.75363636363636,48.39545454545455,45.59068051840508
2025-09-10 06:00:00,43.48846153846154,49.75363636363636,46.86354957403533
2025-09-10 07:00:00,38.28636363636363,43.48846153846154,41.541421788434704
2025-09-10 08:00:00,31.287692307692307,38.28636363636363,37.170699162158016
2025-09-10 09:00:00,33.0775,31.287692307692307,31.147917676069085
2025-09-10 10:00:00,43.06923076923077,33.0775,32.874109442549546
2025-09-10 11:00:00,45.717777777777776,43.06923076923077,41.86977354242174
2025-09-10 12:00:00,49.45727272727272,45.717777777777776,44.332066012437835
2025-09-10 13:00:00,44.514545454545456,49.45727272727272,47.47861593203761
2025-09-10 14:00:00,27.15833333333333,44.514545454545456,43.20621970516865
2025-09-10 15:00:00,20.884545454545453,27.15833333333333,27.9751963903935
2025-09-10 16:00:00,23.6075,20.884545454545453,22.437265576263204
2025-09-10 17:00:00,26.54083333333333,23.6075,24.832215177390957
2025-09-10 18:00:00,30.71166666666667,26.54083333333333,27.14071564720428
2025-09-10 19:00:00,24.9975,30.71166666666667,30.74894130157482
2025-09-10 20:00:00,16.191666666666666,24.9975,25.546925722450784
2025-09-10 21:00:00,11.418888888888889,16.191666666666666,17.720243385962426
2025-09-10 22:00:00,11.916923076923077,11.418888888888889,13.538400434026602
2025-09-10 23:00:00,12.659999999999998,11.916923076923077,13.925721220073944
2025-09-11 00:00:00,13.655833333333334,12.659999999999998,14.523001711619939
2025-09-11 01:00:00,8.853,13.655833333333334,15.324249293640245
2025-09-11 02:00:00,6.232307692307692,8.853,10.985290601711974
2025-09-11 03:00:00,10.12,6.232307692307692,8.668751740978522
2025-09-11 04:00:00,16.162499999999998,10.12,12.001249423824884
2025-09-11 05:00:00,17.30909090909091,16.162499999999998,17.22349027096901
2025-09-11 06:00:00,23.6175,17.30909090909091,18.124334519578902
2025-09-11 07:00:00,22.89636363636364,23.6175,23.722261417836975
2025-09-11 08:00:00,14.187272727272727,22.89636363636364,23.00150453317961
2025-09-11 09:00:00,10.701666666666668,14.187272727272727,15.442194713802465
2025-09-11 10:00:00,15.07846153846154,10.701666666666668,12.385119173191578
2025-09-11 11:00:00,15.306666666666665,15.07846153846154,16.32290459700465
2025-09-11 12:00:00,18.105454545454545,15.306666666666665,16.307142458850763
2025-09-11 13:00:00,18.379,18.105454545454545,18.45245725516192
2025-09-11 14:00:00,13.763333333333334,18.379,18.616871012126232
2025-09-11 15:00:00,14.801666666666668,13.763333333333334,14.75785852368721
2025-09-11 16:00:00,21.28454545454545,14.801666666666668,15.673289964908125
2025-09-11 17:00:00,22.24363636363637,21.28454545454545,21.327606776841208
2025-09-11 18:00:00,17.521818181818183,22.24363636363637,22.041535085084032
2025-09-11 19:00:00,13.504166666666668,17.521818181818183,17.730252897872315
2025-09-11 20:00:00,8.742307692307692,13.504166666666668,14.072441834037077
2025-09-11 21:00:00,10.848888888888888,8.742307692307692,9.82796568614817
2025-09-11 22:00:00,12.826923076923077,10.848888888888888,11.637126314079055
2025-09-11 23:00:00,11.66,12.826923076923077,13.414206509796955
2025-09-12 00:00:00,11.584166666666668,11.66,12.358473424185547
2025-09-12 01:00:00,11.240909090909092,11.584166666666668,12.232188535289252
2025-09-12 02:00:00,11.710769230769232,11.240909090909092,11.912141523852522
2025-09-12 03:00:00,15.139090909090909,11.710769230769232,12.320821589073876
2025-09-12 04:00:00,21.73,15.139090909090909,15.357926079088337
2025-09-12 05:00:00,27.901818181818182,21.73,21.215076823187434
2025-09-12 06:00:00,23.652727272727272,27.901818181818182,26.663701480741324
2025-09-12 07:00:00,15.460909090909093,23.652727272727272,23.01835135439831
2025-09-12 08:00:00,10.819090909090908,15.460909090909093,15.926807286932558
2025-09-12 09:00:00,5.857272727272728,10.819090909090908,12.001884013251269
2025-09-12 10:00:00,6.185384615384615,5.857272727272728,7.676575300671007
2025-09-12 11:00:00,9.748888888888889,6.185384615384615,7.949921024149635
2025-09-12 12:00:00,17.92142857142857,9.748888888888889,11.120114264526986
2025-09-12 13:00:00,19.16,17.92142857142857,18.32351327410795
2025-09-12 14:00:00,7.886666666666667,19.16,19.154803293161756
2025-09-12 15:00:00,10.047272727272729,7.886666666666667,9.29460714872777
2025-09-12 16:00:00,17.896923076923077,10.047272727272729,11.254605788498887
2025-09-12 17:00:00,21.00583333333333,17.896923076923077,17.91125091654637
2025-09-12 18:00:00,20.86230769230769,21.00583333333333,20.564638861954897
2025-09-12 19:00:00,15.380833333333332,20.86230769230769,20.390071985584836
2025-09-12 20:00:00,7.535714285714286,15.380833333333332,15.649088055762986
2025-09-12 21:00:00,4.681666666666667,7.535714285714286,8.700906820899343
2025-09-12 22:00:00,10.181818181818182,4.681666666666667,6.110330131687068
2025-09-12 23:00:00,15.424545454545456,10.181818181818182,10.92274053812822
2025-09-13 00:00:00,16.341666666666665,15.424545454545456,15.555041799745496
2025-09-13 01:00:00,15.122727272727271,16.341666666666665,16.38267122951619
2025-09-13 02:00:00,10.620714285714286,15.122727272727271,15.295701401629119
2025-09-13 03:00:00,7.626666666666666,10.620714285714286,11.296488874030203
2025-09-13 04:00:00,14.656153846153844,7.626666666666666,8.606780172572044
2025-09-13 05:00:00,21.7725,14.656153846153844,14.781278136061747
2025-09-13 06:00:00,22.47583333333333,21.7725,21.03549132334505
2025-09-13 07:00:00,18.188181818181818,22.47583333333333,21.714523018492823
2025-09-13 08:00:00,8.29923076923077,18.188181818181818,18.140893268129954
2025-09-13 09:00:00,3.9966666666666666,8.29923076923077,9.683121981873347
2025-09-13 10:00:00,3.303333333333333,3.9966666666666666,5.984313365851433
2025-09-13 11:00:00,8.162727272727274,3.303333333333333,5.495692612033356
2025-09-13 12:00:00,13.843571428571428,8.162727272727274,9.85020736201275
2025-09-13 13:00:00,16.043,13.843571428571428,14.896745730179338
2025-09-13 14:00:00,10.916923076923077,16.043,16.825125354272274
2025-09-13 15:00:00,13.13,10.916923076923077,12.287882235733543
2025-09-13 16:00:00,19.82692307692308,13.13,14.253963803178511
2025-09-13 17:00:00,18.55454545454545,19.82692307692308,19.928120081312727
2025-09-13 18:00:00,17.520769230769233,18.55454545454545,18.64742856875946
2025-09-13 19:00:00,16.455833333333334,17.520769230769233,17.648724563697165
2025-09-13 20:00:00,12.6225,16.455833333333334,16.739011416191502
2025-09-13 21:00:00,12.945454545454544,12.6225,13.444446641060233
2025-09-13 22:00:00,19.931538461538462,12.945454545454544,13.68205508326492
2025-09-13 23:00:00,23.974166666666665,19.931538461538462,19.76600831203211
2025-09-14 00:00:00,26.6675,23.974166666666665,23.2513323088933
2025-09-14 01:00:00,25.91272727272728,26.6675,25.581952431203867
2025-09-14 02:00:00,23.49571428571429,25.91272727272728,24.957606875292054
2025-09-14 03:00:00,19.495833333333334,23.49571428571429,22.81411042779428
2025-09-14 04:00:00,19.664,19.495833333333334,19.278638060432403
2025-09-14 05:00:00,23.905,19.664,19.465677794085074
2025-09-14 06:00:00,21.23,23.905,23.21451933409473
2025-09-14 07:00:00,17.87818181818182,21.23,20.923679837694593
2025-09-14 08:00:00,9.910769230769231,17.87818181818182,18.215713477599984
2025-09-14 09:00:00,5.949,9.910769230769231,11.462206642675138
2025-09-14 10:00:00,10.972499999999998,5.949,8.076521069532948
2025-09-14 11:00:00,14.937272727272727,10.972499999999998,12.579461714840079
2025-09-14 12:00:00,19.35636363636364,14.937272727272727,15.869736638046234
2025-09-14 13:00:00,24.66090909090909,19.35636363636364,19.88190473407783
2025-09-14 14:00:00,20.644615384615385,24.66090909090909,24.747468506455025
2025-09-14 15:00:00,22.52636363636364,20.644615384615385,21.13286146596709
2025-09-14 16:00:00,28.28214285714285,22.52636363636364,22.744977702845624
2025-09-14 17:00:00,26.48454545454545,28.28214285714285,27.797637926278373
2025-09-14 18:00:00,26.67,26.48454545454545,26.10902750497437
2025-09-14 19:00:00,24.070909090909087,26.67,26.174188932762682
2025-09-14 20:00:00,17.995,24.070909090909087,23.886409660231323
2025-09-14 21:00:00,15.061000000000002,17.995,18.494277750751095
2025-09-14 22:00:00,18.422,15.061000000000002,15.860845967228421
2025-09-14 23:00:00,20.094166666666663,18.422,18.79140250990877
2025-09-15 00:00:00,21.093846153846155,20.094166666666663,20.20159690817939
2025-09-15 01:00:00,25.6775,21.093846153846155,21.010021947905443
2025-09-15 02:00:00,30.18846153846154,25.6775,25.17972063719279
2025-09-15 03:00:00,26.099090909090908,30.18846153846154,29.181738530029403
2025-09-15 04:00:00,31.427857142857142,26.099090909090908,25.575252940981496
2025-09-15 05:00:00,28.37833333333333,31.427857142857142,30.203348779268158
2025-09-15 06:00:00,24.325714285714287,28.37833333333333,27.531807066729336
2025-09-15 07:00:00,24.768,24.325714285714287,24.01898677201779
2025-09-15 08:00:00,13.03,24.768,24.61197932594511
2025-09-15 09:00:00,10.15090909090909,13.03,14.402612384044252
2025-09-15 10:00:00,20.793333333333333,10.15090909090909,12.060091587480096
2025-09-15 11:00:00,16.215454545454545,20.793333333333333,21.556992167212883
2025-09-15 12:00:00,16.59769230769231,16.215454545454545,17.15440705828094
2025-09-15 13:00:00,19.011,16.59769230769231,17.687269439923128
2025-09-15 14:00:00,14.511818181818182,19.011,19.84160333618823
2025-09-15 15:00:00,9.52111111111111,14.511818181818182,15.985658771404204
2025-09-15 16:00:00,14.547272727272729,9.52111111111111,11.544694058103964
2025-09-15 17:00:00,19.06,14.547272727272729,15.881867250590966
2025-09-15 18:00:00,18.81692307692308,19.06,19.629908094081767
2025-09-15 19:00:00,15.814545454545454,18.81692307692308,19.228529291014297
2025-09-15 20:00:00,14.907142857142857,15.814545454545454,16.55276388532259
2025-09-15 21:00:00,15.697272727272724,14.907142857142857,15.71716753978603
2025-09-15 22:00:00,24.344166666666663,15.697272727272724,16.393679231566217
2025-09-15 23:00:00,30.45888888888889,24.344166666666663,24.013478453087075
2025-09-16 00:00:00,30.243571428571425,30.45888888888889,29.419339274044177
2025-09-16 01:00:00,22.93333333333333,30.243571428571425,29.21251827667916
2025-09-16 02:00:00,17.917142857142856,22.93333333333333,22.7052693777164
2025-09-16 03:00:00,15.66,17.917142857142856,18.18842868971268
2025-09-16 04:00:00,23.297857142857143,15.66,16.138534113285992
2025-09-16 05:00:00,28.445,23.297857142857143,22.87454471319026
2025-09-16 06:00:00,31.587857142857143,28.445,27.411922444646557
2025-09-16 07:00:00,28.837,31.587857142857143,30.306602234322376
2025-09-16 08:00:00,18.74416666666667,28.837,28.034590597545584
2025-09-16 09:00:00,10.82888888888889,18.74416666666667,19.338270579247933
2025-09-16 10:00:00,14.919166666666667,10.82888888888889,12.485458438323048
2025-09-16 11:00:00,20.83181818181818,14.919166666666667,16.22899735762093
2025-09-16 12:00:00,28.1875,20.83181818181818,21.505535480565978
2025-09-16 13:00:00,34.348,28.1875,28.050248702847178
2025-09-16 14:00:00,26.056666666666665,34.348,33.53181562521428
2025-09-16 15:00:00,22.175,26.056666666666665,26.314118080285017
2025-09-16 16:00:00,27.23928571428572,22.175,22.910899678297763
2025-09-16 17:00:00,30.077,27.23928571428572,27.337716563687554
2025-09-16 18:00:00,29.668,30.077,29.69784812064633
2025-09-16 19:00:00,23.23090909090909,29.668,29.300539428389797
2025-09-16 20:00:00,14.090909090909092,23.23090909090909,23.662696856622105
2025-09-16 21:00:00,10.616,14.090909090909092,15.498095864442336
2025-09-16 22:00:00,22.36909090909091,10.616,12.338425186404182
2025-09-16 23:00:00,33.615833333333335,22.36909090909091,22.666639370186395
2025-09-17 00:00:00,32.58363636363636,33.615833333333335,32.53852962587975
2025-09-17 01:00:00,26.9,32.58363636363636,31.558500040610976
2025-09-17 02:00:00,24.10307692307692,26.9,26.532896629482757
2025-09-17 03:00:00,22.57,24.10307692307692,24.01176924469735
2025-09-17 04:00:00,34.79181818181818,22.57,22.662984593515795
2025-09-17 05:00:00,42.00090909090909,34.79181818181818,33.481388133706744
2025-09-17 06:00:00,36.77692307692308,42.00090909090909,39.85257509812638
2025-09-17 07:00:00,24.996,36.77692307692308,35.36838252021845
2025-09-17 08:00:00,8.797777777777776,24.996,25.318532157938495
2025-09-17 09:00:00,19.82,8.797777777777776,11.162713812136719
2025-09-17 10:00:00,3.293333333333333,19.82,20.954546750363114
2025-09-17 11:00:00,12.108181818181816,3.293333333333333,6.418984217320187
2025-09-17 12:00:00,20.87384615384616,12.108181818181816,14.183860458065329
2025-09-17 13:00:00,24.418,20.87384615384616,21.93551577888357
2025-09-17 14:00:00,25.99714285714285,24.418,24.353186904715482
2025-09-17 15:00:00,29.604285714285712,25.99714285714285,25.851711930244896
2025-09-17 16:00:00,35.38454545454545,29.604285714285712,29.100352182432793
2025-09-17 17:00:00,36.49818181818182,35.38454545454545,34.280282814182186
2025-09-17 18:00:00,37.21,36.49818181818182,35.12077122621757
2025-09-17 19:00:00,34.547000000000004,37.21,35.77338365391148
2025-09-17 20:00:00,25.04833333333333,34.547000000000004,33.489145775209565
2025-09-17 21:00:00,25.50333333333333,25.04833333333333,25.149376673056302
2025-09-17 22:00:00,31.27769230769231,25.50333333333333,25.52713589586286
2025-09-17 23:00:00,35.418181818181814,31.27769230769231,30.62811388191536
2025-09-18 00:00:00,35.36692307692307,35.418181818181814,34.204297714478784
2025-09-18 01:00:00,34.67454545454546,35.36692307692307,34.11420061921331
2025-09-18 02:00:00,35.16583333333333,34.67454545454546,33.62441804808544
2025-09-18 03:00:00,35.946363636363635,35.16583333333333,34.01141885508862
2025-09-18 04:00:00,35.516666666666666,35.946363636363635,34.720290241231055
2025-09-18 05:00:00,31.16222222222222,35.516666666666666,34.39812889751529
2025-09-18 06:00:00,26.04583333333333,31.16222222222222,30.498151152852433
2025-09-18 07:00:00,17.076,26.04583333333333,25.979415530702223
2025-09-18 08:00:00,7.144615384615384,17.076,18.18712121986531
2025-09-18 09:00:00,7.675454545454546,7.144615384615384,9.623988408855901
2025-09-18 10:00:00,12.92,7.675454545454546,10.204010799929947
2025-09-18 11:00:00,16.829,12.92,15.040485910361044
2025-09-18 12:00:00,21.796666666666667,16.829,18.478207011462985
2025-09-18 13:00:00,29.81,21.796666666666667,22.833135948897116
2025-09-18 14:00:00,31.83076923076923,29.81,29.687566273265574
2025-09-18 15:00:00,33.29818181818182,31.83076923076923,31.562940462815185
2025-09-18 16:00:00,41.868,33.29818181818182,32.840006153790654
2025-09-18 17:00:00,44.17,41.868,40.3904052703768
2025-09-18 18:00:00,42.31666666666667,44.17,42.23506104754965
2025-09-18 19:00:00,35.07833333333333,42.31666666666667,40.53876900439823
2025-09-18 20:00:00,26.39363636363636,35.07833333333333,34.215882059112076
2025-09-18 21:00:00,26.7825,26.39363636363636,26.566559423234406
2025-09-18 22:00:00,39.27727272727273,26.7825,26.80854520202874
2025-09-18 23:00:00,47.078,39.27727272727273,37.82380895892139
2025-09-19 00:00:00,46.66636363636364,47.078,44.711859465952514
2025-09-19 01:00:00,43.40444444444445,46.66636363636364,44.39168414242444
2025-09-19 02:00:00,44.14727272727273,43.40444444444445,41.496248632403606
2025-09-19 03:00:00,40.66625,44.14727272727273,42.18765737831998
2025-09-19 04:00:00,37.76833333333333,40.66625,39.117804441026465
2025-09-19 05:00:00,39.95875,37.76833333333333,36.597926183695904
2025-09-19 06:00:00,32.87090909090909,39.95875,38.55809223338562
2025-09-19 07:00:00,42.15636363636364,32.87090909090909,32.37553012759255
2025-09-19 08:00:00,20.792,42.15636363636364,40.86144061346444
2025-09-19 09:00:00,6.606363636363636,20.792,22.25416958159957
2025-09-19 10:00:00,13.524,6.606363636363636,9.930793254507904
2025-09-19 11:00:00,19.80909090909091,13.524,16.132364531421864
2025-09-19 12:00:00,23.089166666666667,19.80909090909091,21.78427726746124
2025-09-19 13:00:00,23.851,23.089166666666667,24.72914122987714
2025-09-19 14:00:00,17.933,23.851,25.407914630862752
2025-09-19 15:00:00,19.27875,17.933,20.066946681243437
2025-09-19 16:00:00,23.437142857142856,19.27875,21.028432710050957
2025-09-19 17:00:00,25.5225,23.437142857142856,24.400328924208303
2025-09-19 18:00:00,25.76153846153846,25.5225,25.99001115145215
2025-09-19 19:00:00,30.617,25.76153846153846,26.147176830181486
2025-09-19 20:00:00,29.58642857142857,30.617,30.361475418193017
2025-09-19 21:00:00,25.487272727272728,29.58642857142857,29.438252257185113
2025-09-19 22:00:00,26.88615384615385,25.487272727272728,25.768037799549578
2025-09-19 23:00:00,28.171818181818185,26.88615384615385,26.961479805312162
2025-09-20 00:00:00,28.52076923076923,28.171818181818185,28.060492798704775
2025-09-20 01:00:00,28.85083333333333,28.52076923076923,28.287139443265595
2025-09-20 02:00:00,34.215,28.85083333333333,28.529552954270308
2025-09-20 03:00:00,42.92166666666666,34.215,33.22488963794932
2025-09-20 04:00:00,50.42357142857144,42.92166666666666,40.880154075401705
2025-09-20 05:00:00,53.71083333333333,50.42357142857144,47.45891577024766
2025-09-20 06:00:00,45.291,53.71083333333333,50.375368775713866
2025-09-20 07:00:00,31.793636363636367,45.291,43.115289376792646
2025-09-20 08:00:00,20.131428571428568,31.793636363636367,31.40017259405898
2025-09-20 09:00:00,14.403636363636364,20.131428571428568,21.43802336650505
2025-09-20 10:00:00,19.30928571428572,14.403636363636364,16.625153467695267
2025-09-20 11:00:00,28.99125,19.30928571428572,21.099219870026097
2025-09-20 12:00:00,37.24333333333333,28.99125,29.74235897433827
2025-09-20 13:00:00,45.788,37.24333333333333,37.05703040327799
2025-09-20 14:00:00,44.65909090909091,45.788,44.662226896453234
2025-09-20 15:00:00,50.645,44.65909090909091,43.72913586249001
2025-09-20 16:00:00,54.23444444444445,50.645,49.0593938884859
2025-09-20 17:00:00,46.98333333333333,54.23444444444445,52.14147245463883
2025-09-20 18:00:00,43.53,46.98333333333333,45.6498943383811
2025-09-20 19:00:00,39.15181818181818,43.53,42.560011595900534
2025-09-20 20:00:00,27.199166666666667,39.15181818181818,38.80877768634224
2025-09-20 21:00:00,23.595454545454547,27.199166666666667,28.215473251359562
2025-09-20 22:00:00,31.41272727272728,23.595454545454547,24.95456567747358
2025-09-20 23:00:00,37.62,31.41272727272728,31.811310379543013
2025-09-21 00:00:00,44.683076923076925,37.62,37.26360386302582
2025-09-21 01:00:00,49.06,44.683076923076925,43.467238866896025
2025-09-21 02:00:00,44.20846153846154,49.06,47.313221298052355
2025-09-21 03:00:00,43.01545454545455,44.20846153846154,42.964905808870625
2025-09-21 04:00:00,50.376666666666665,43.01545454545455,41.88649725119299
2025-09-21 05:00:00,56.17555555555556,50.376666666666665,48.34974406216473
2025-09-21 06:00:00,54.650000000000006,56.17555555555556,53.4950589969354
2025-09-21 07:00:00,45.872,54.650000000000006,52.34409310507952
2025-09-21 08:00:00,34.44615384615385,45.872,44.83180301411923
2025-09-21 09:00:00,24.635454545454547,34.44615384615385,34.990792555630975
2025-09-21 10:00:00,24.639090909090907,24.635454545454547,26.449846802933163
2025-09-21 11:00:00,31.26,24.639090909090907,26.547123388113274
2025-09-21 12:00:00,42.76692307692308,31.26,32.470582420103085
2025-09-21 13:00:00,46.85818181818181,42.76692307692308,42.632241621202596
2025-09-21 14:00:00,39.98307692307692,46.85818181818181,46.072514681570496
2025-09-21 15:00:00,34.183,39.98307692307692,39.891524321842425
2025-09-21 16:00:00,36.50416666666667,34.183,34.74768208403671
2025-09-21 17:00:00,40.124,36.50416666666667,36.5682694454747
2025-09-21 18:00:00,41.41538461538461,40.124,39.53444847727286
2025-09-21 19:00:00,42.917,41.41538461538461,40.58777714730982
2025-09-21 20:00:00,34.83,42.917,42.12745094182898
2025-09-21 21:00:00,20.4975,34.83,34.94632656112445
2025-09-21 22:00:00,14.1625,20.4975,22.22407649109775
2025-09-21 23:00:00,14.188181818181818,14.1625,16.583974353526997
2025-09-22 00:00:00,15.54818181818182,14.188181818181818,16.51968987078897
2025-09-22 01:00:00,13.954444444444444,15.54818181818182,17.568824883738145
2025-09-22 02:00:00,12.423333333333332,13.954444444444444,15.940163189243142
2025-09-22 03:00:00,17.827272727272728,12.423333333333332,14.462402090770835
2025-09-22 04:00:00,24.06083333333333,17.827272727272728,19.145251650971517
2025-09-22 05:00:00,24.99416666666667,24.06083333333333,24.606508050262132
2025-09-22 06:00:00,27.42538461538461,24.99416666666667,25.29648285877262
2025-09-22 07:00:00,26.89833333333333,27.42538461538461,27.42674827660882
2025-09-22 08:00:00,20.837,26.89833333333333,27.15320546786135
2025-09-22 09:00:00,24.94090909090909,20.837,21.842777212477138
2025-09-22 10:00:00,25.55,24.94090909090909,25.51388082470485
2025-09-22 11:00:00,25.21333333333333,25.55,26.13178825954086
2025-09-22 12:00:00,25.926666666666662,25.21333333333333,25.862389086553257
2025-09-22 13:00:00,27.8125,25.926666666666662,26.533423608014584
2025-09-22 14:00:00,23.652727272727272,27.8125,28.103488998751512
2025-09-22 15:00:00,21.26375,23.652727272727272,24.380565408661774
2025-09-22 16:00:00,27.9325,21.26375,21.87057375882778
2025-09-22 17:00:00,33.64,27.9325,27.718759981464256
2025-09-22 18:00:00,36.38666666666667,33.64,32.594418964330686
2025-09-22 19:00:00,35.4125,36.38666666666667,34.94794361068563
2025-09-22 20:00:00,31.032222222222224,35.4125,34.20135132428589
2025-09-22 21:00:00,31.38090909090909,31.032222222222224,30.251217864085607
2025-09-22 22:00:00,37.65,31.38090909090909,30.49481296797767
2025-09-22 23:00:00,44.167,37.65,36.07551566997907
2025-09-23 00:00:00,45.70692307692308,44.167,41.92182790456948
2025-09-23 01:00:00,41.803333333333335,45.70692307692308,43.29687329372325
2025-09-23 02:00:00,36.23923076923077,41.803333333333335,39.950435883412425
2025-09-23 03:00:00,28.056666666666665,36.23923076923077,35.15558599441799
2025-09-23 04:00:00,27.136000000000003,28.056666666666665,27.981846411598173
2025-09-23 05:00:00,26.618571428571432,27.136000000000003,27.183873643843665
2025-09-23 06:00:00,22.199,26.618571428571432,26.73484791366739
2025-09-23 07:00:00,26.58125,22.199,22.891246075944412
2025-09-23 08:00:00,31.11,26.58125,27.087048639525193
2025-09-23 09:00:00,29.164444444444445,31.11,31.35223801157878
2025-09-23 10:00:00,29.70272727272728,29.164444444444445,29.749733808741876
2025-09-23 11:00:00,28.8575,29.70272727272728,30.31270531305842
2025-09-23 12:00:00,33.51625,28.8575,29.656095594806846
2025-09-23 13:00:00,37.40222222222222,33.51625,33.833916905799576
2025-09-23 14:00:00,35.54090909090909,37.40222222222222,37.28967837610931
2025-09-23 15:00:00,31.365,35.54090909090909,35.663162825803425
2025-09-23 16:00:00,36.991,31.365,32.02082257185513
2025-09-23 17:00:00,38.11727272727273,36.991,36.879803097146606
2025-09-23 18:00:00,37.78272727272727,38.11727272727273,37.712837023788225
2025-09-23 19:00:00,36.13222222222223,37.78272727272727,37.205814297524896
2025-09-23 20:00:00,28.70285714285714,36.13222222222223,35.67534860006805
2025-09-23 21:00:00,22.277272727272727,28.70285714285714,29.037376272057486
2025-09-23 22:00:00,22.7975,22.277272727272727,23.292063099827306
2025-09-23 23:00:00,24.109,22.7975,23.702772009657117
2025-09-24 00:00:00,25.86636363636364,24.109,24.79695062686253
2025-09-24 01:00:00,19.428571428571427,25.86636363636364,26.284878760523767
2025-09-24 02:00:00,17.365000000000002,19.428571428571427,20.514974683255495
2025-09-24 03:00:00,22.23625,17.365000000000002,18.6092463321297
2025-09-24 04:00:00,29.523000000000003,22.23625,22.860027388128817
2025-09-24 05:00:00,31.05090909090909,29.523000000000003,29.29451609088987
2025-09-24 06:00:00,25.89,31.05090909090909,30.68656209178299
2025-09-24 07:00:00,21.39333333333333,25.89,26.192119477526692
2025-09-24 08:00:00,11.39875,21.39333333333333,22.396192158775882
2025-09-24 09:00:00,4.685555555555556,11.39875,13.723789376148869
2025-09-24 10:00:00,5.013333333333334,4.685555555555556,8.112231512294985
2025-09-24 11:00:00,8.807272727272727,5.013333333333334,8.447654521575934
2025-09-24 12:00:00,17.174545454545456,8.807272727272727,11.798075560605556
2025-09-24 13:00:00,23.61111111111111,17.174545454545456,18.98875387810438
2025-09-24 14:00:00,20.30461538461538,23.61111111111111,24.713264317625953
2025-09-24 15:00:00,24.33909090909091,20.30461538461538,21.771576784216375
2025-09-24 16:00:00,35.74181818181818,24.33909090909091,25.19777156010052
2025-09-24 17:00:00,36.57333333333334,35.74181818181818,35.063640344027064
2025-09-24 18:00:00,32.27090909090909,36.57333333333334,35.70139119569896
2025-09-24 19:00:00,26.065555555555555,32.27090909090909,32.03594428606131
2025-09-24 20:00:00,23.084,26.065555555555555,26.410249643095664
2025-09-24 21:00:00,21.73,23.084,23.65657493784784
2025-09-24 22:00:00,26.74833333333333,21.73,22.405352068826183
2025-09-24 23:00:00,25.44625,26.74833333333333,26.76417670609777
2025-09-25 00:00:00,27.166363636363634,25.44625,25.488705702997095
2025-09-25 01:00:00,26.9925,27.166363636363634,26.953443986285635
2025-09-25 02:00:00,23.715,26.9925,26.80497315481981
2025-09-25 03:00:00,26.7525,23.715,24.079214266041546
2025-09-25 04:00:00,43.0325,26.7525,26.885187215026725
2025-09-25 05:00:00,48.425714285714285,43.0325,41.19960608211561
2025-09-25 06:00:00,32.450909090909086,48.425714285714285,45.83025772802414
2025-09-25 07:00:00,14.8925,32.450909090909086,31.668776108611045
2025-09-25 08:00:00,13.241111111111111,14.8925,16.14955043282397
2025-09-25 09:00:00,12.188,13.241111111111111,14.671248869375582
2025-09-25 10:00:00,12.3575,12.188,13.769626919068774
2025-09-25 11:00:00,14.024444444444445,12.3575,13.918099212234745
2025-09-25 12:00:00,19.015454545454546,14.024444444444445,15.584584095044733
2025-09-25 13:00:00,14.94625,19.015454545454546,19.937719484460928
2025-09-25 14:00:00,12.47888888888889,14.94625,16.47278810874507
2025-09-25 15:00:00,13.29375,12.47888888888889,14.407223254166441
2025-09-25 16:00:00,14.38818181818182,13.29375,15.154531690483363
2025-09-25 17:00:00,17.662727272727274,14.38818181818182,15.861698394071556
2025-09-25 18:00:00,11.26875,17.662727272727274,18.607150867376916
2025-09-25 19:00:00,9.02,11.26875,12.850018788171122
2025-09-25 20:00:00,11.096666666666666,9.02,10.761723516229434
2025-09-25 21:00:00,16.345555555555553,11.096666666666666,12.496447937567336
2025-09-25 22:00:00,19.91333333333333,16.345555555555553,17.04780951251962
2025-09-25 23:00:00,20.076,19.91333333333333,20.17164148024443
2025-09-26 00:00:00,21.34777777777778,20.076,20.3021169646509
2025-09-26 01:00:00,19.613333333333333,21.34777777777778,21.352907551623126
2025-09-26 02:00:00,18.647,19.613333333333333,19.831496369078526
2025-09-26 03:00:00,21.9075,18.647,18.96278188150296
2025-09-26 04:00:00,26.9775,21.9075,21.82072275791474
2025-09-26 05:00:00,26.3475,26.9775,26.21090352545315
2025-09-26 06:00:00,27.245555555555555,26.3475,25.551508391789852
2025-09-26 07:00:00,22.43,27.245555555555555,26.373310306538627
2025-09-26 08:00:00,22.075454545454548,22.43,22.251981268503716
2025-09-26 09:00:00,26.543333333333333,22.075454545454548,22.072308880660973
2025-09-26 10:00:00,28.545454545454547,26.543333333333333,26.104442156851007
2025-09-26 11:00:00,32.639,28.545454545454547,27.962485320547987
2025-09-26 12:00:00,32.883,32.639,31.728050870074654
2025-09-26 13:00:00,25.08714285714285,32.883,31.86555024114274
2025-09-26 14:00:00,22.483,25.08714285714285,24.93066474679965
2025-09-26 15:00:00,26.44142857142857,22.483,22.643068984174597
2025-09-26 16:00:00,26.549,26.44142857142857,26.091607721169026
2025-09-26 17:00:00,26.03,26.549,26.171125690642473
2025-09-26 18:00:00,21.8,26.03,25.668569869683942
2025-09-26 19:00:00,14.982222222222225,21.8,21.89702533159887
2025-09-26 20:00:00,10.341818181818182,14.982222222222225,15.910435595960024
2025-09-26 21:00:00,14.769,10.341818181818182,11.812452461215834
2025-09-26 22:00:00,16.744444444444444,14.769,15.711376916464971
2025-09-26 23:00:00,16.275454545454547,16.744444444444444,17.396274783172423
2025-09-27 00:00:00,16.64846153846154,16.275454545454547,16.978516485112493
2025-09-27 01:00:00,16.07125,16.64846153846154,17.294977162223013
2025-09-27 02:00:00,13.941666666666668,16.07125,16.82855343100144
2025-09-27 03:00:00,16.918,13.941666666666668,14.935655053860968
2025-09-27 04:00:00,16.926363636363636,16.918,17.542623938613687
2025-09-27 05:00:00,14.196666666666664,16.926363636363636,17.545239648970934
2025-09-27 06:00:00,21.177,14.196666666666664,15.098517110728414
2025-09-27 07:00:00,16.580000000000002,21.177,21.25347562737431
2025-09-27 08:00:00,6.365,16.580000000000002,17.361901858542133
2025-09-27 09:00:00,7.704285714285715,6.365,8.481448698597362
2025-09-27 10:00:00,14.37,7.704285714285715,9.807643465322387
2025-09-27 11:00:00,16.004545454545454,14.37,15.688660691672368
2025-09-27 12:00:00,18.115454545454547,16.004545454545454,17.060700501891375
2025-09-27 13:00:00,12.66375,18.115454545454547,18.86886734554882
2025-09-27 14:00:00,10.548333333333334,12.66375,14.026808790556572
2025-09-27 15:00:00,20.345,10.548333333333334,11.945928391551693
2025-09-27 16:00:00,27.62777777777778,20.345,20.466193737654475
2025-09-27 17:00:00,28.01,27.62777777777778,26.836957990276122
2025-09-27 18:00:00,26.72153846153846,28.01,26.94160438355566
2025-09-27 19:00:00,20.796,26.72153846153846,25.832242379492172
2025-09-27 20:00:00,21.52333333333333,20.796,20.813014096119936
2025-09-27 21:00:00,26.622000000000003,21.52333333333333,21.41514352543993
2025-09-27 22:00:00,28.815454545454543,26.622000000000003,25.844036581324865
2025-09-27 23:00:00,25.706,28.815454545454543,27.79070304446328
2025-09-28 00:00:00,20.75090909090909,25.706,25.10829703048374
2025-09-28 01:00:00,17.70125,20.75090909090909,20.73201287657129
2025-09-28 02:00:00,19.107,17.70125,18.05253491641902
2025-09-28 03:00:00,27.3725,19.107,19.281817943928914
2025-09-28 04:00:00,25.869,27.3725,26.55676996270165
2025-09-28 05:00:00,23.03,25.869,25.264602767853937
2025-09-28 06:00:00,27.26846153846154,23.03,22.79317583629342
2025-09-28 07:00:00,13.847142857142858,27.26846153846154,26.568423468114293
2025-09-28 08:00:00,5.021,13.847142857142858,14.752317380035015
2025-09-28 09:00:00,7.605,5.021,7.1528187646985035
2025-09-28 10:00:00,12.716,7.605,9.713343550002826
2025-09-28 11:00:00,14.7975,12.716,14.138491843857564
2025-09-28 12:00:00,16.401111111111113,14.7975,16.076012850054866
2025-09-28 13:00:00,13.70625,16.401111111111113,17.0177558925584
2025-09-28 14:00:00,12.33,13.70625,14.814984960567868
2025-09-28 15:00:00,12.173636363636364,12.33,13.591123778317257
2025-09-28 16:00:00,11.57,12.173636363636364,13.483565573620735
2025-09-28 17:00:00,11.61125,11.57,13.041728663793826
2025-09-28 18:00:00,7.983846153846154,11.61125,13.03672376006315
2025-09-28 19:00:00,6.70090909090909,7.983846153846154,9.674985923274471
2025-09-28 20:00:00,7.962000000000001,6.70090909090909,8.24109599641416
2025-09-28 21:00:00,13.76,7.962000000000001,9.305844335935085
2025-09-28 22:00:00,15.015833333333331,13.76,14.373830477894083
2025-09-28 23:00:00,12.768,15.015833333333331,15.40605216012936
2025-09-29 00:00:00,12.568181818181818,12.768,13.354365032725259
2025-09-29 01:00:00,9.596363636363636,12.568181818181818,13.150938773257465
2025-09-29 02:00:00,7.552,9.596363636363636,10.561806990677365
2025-09-29 03:00:00,11.072,7.552,8.721186032016199
2025-09-29 04:00:00,13.08875,11.072,11.742573236959341
2025-09-29 05:00:00,13.55375,13.08875,13.48102803783364
2025-09-29 06:00:00,13.034545454545452,13.55375,13.884750936935031
2025-09-29 07:00:00,8.011111111111111,13.034545454545452,13.354176421502984
2025-09-29 08:00:00,6.581,8.011111111111111,8.896615038568186
2025-09-29 09:00:00,7.495,6.581,7.624082480140135
2025-09-29 10:00:00,11.222499999999998,7.495,8.449834227140371
2025-09-29 11:00:00,10.568181818181818,11.222499999999998,11.691853891998019
2025-09-29 12:00:00,11.956,10.568181818181818,11.126406861299614
2025-09-29 13:00:00,6.374444444444444,11.956,12.309498584677447
2025-09-29 14:00:00,4.674,6.374444444444444,7.336199207589042
2025-09-29 15:00:00,14.08,4.674,5.823398833139905
2025-09-29 16:00:00,15.18,14.08,14.092289405661779
2025-09-29 17:00:00,11.49,15.18,15.046869970119683
2025-09-29 18:00:00,12.0,11.49,11.819199473537347
2025-09-29 19:00:00,9.27,12.0,12.288813704336064
2025-09-29 20:00:00,15.85,9.27,9.906354418467776
2025-09-29 21:00:00,14.72,15.85,15.704102117101268
2025-09-29 22:00:00,19.24,14.72,14.689117958013725
2025-09-29 23:00:00,19.23,19.24,18.712972572235643
2025-09-30 00:00:00,14.68,19.23,18.73569901412612
2025-09-30 01:00:00,11.56,14.68,14.679432031453768
2025-09-30 02:00:00,9.88,11.56,11.962828967288427
2025-09-30 03:00:00,11.19,9.88,10.491354461552763
2025-09-30 04:00:00,8.72,11.19,11.62106771250524
2025-09-30 05:00:00,13.4,8.72,9.427552675731016
2025-09-30 06:00:00,10.05,13.4,13.55074833194679
2025-09-30 07:00:00,7.26,10.05,10.64366359864059
2025-09-30 08:00:00,6.44,7.26,8.168479688275275
2025-09-30 09:00:00,18.3,6.44,7.518154015018063
2025-09-30 10:00:00,13.28,18.3,18.186685920106704
2025-09-30 11:00:00,10.37,13.28,13.587110837694617
2025-09-30 12:00:00,8.06,10.37,11.09761061048215
2025-09-30 13:00:00,6.9,8.06,8.989185150691938
2025-09-30 14:00:00,5.41,6.9,8.044706161943811
2025-09-30 15:00:00,4.59,5.41,6.757507481607213
2025-09-30 16:00:00,5.01,4.59,6.1501814249230655
2025-09-30 17:00:00,6.2,5.01,6.2730418955422245
2025-09-30 18:00:00,6.9,6.2,7.253508958892999
2025-09-30 19:00:00,9.44,6.9,7.828111789473352
2025-09-30 20:00:00,8.09,9.44,10.018464193141003
2025-09-30 21:00:00,14.45,8.09,8.833001727698122
2025-09-30 22:00:00,11.18,14.45,14.358750996214399
2025-09-30 23:00:00,10.7,11.18,11.454394815562512
2025-10-01 00:00:00,8.24,10.7,11.033260858913485
2025-10-01 01:00:00,6.9,8.24,8.817886258861577
2025-10-01 02:00:00,12.68,6.9,7.6244793679701495
2025-10-01 03:00:00,20.63,12.68,12.754262049659912
2025-10-01 04:00:00,17.63,20.63,19.766492131814715
2025-10-01 05:00:00,14.14,17.63,17.151735759690226
2025-10-01 06:00:00,16.72,14.14,14.076137964393649
2025-10-01 07:00:00,13.54,16.72,16.41849504564325
2025-10-01 08:00:00,12.66,13.54,13.755135035355748
2025-10-01 09:00:00,21.78,12.66,13.120667343414219
2025-10-01 10:00:00,24.93,21.78,21.26819584891223
2025-10-01 11:00:00,18.53,24.93,24.238000010702503
2025-10-01 12:00:00,14.12,18.53,18.650773665415308
2025-10-01 13:00:00,13.42,14.12,14.593475277682668
2025-10-01 14:00:00,11.26,13.42,13.989849655522416
2025-10-01 15:00:00,15.22,11.26,12.156204747318332
2025-10-01 16:00:00,13.11,15.22,15.760317448483416
2025-10-01 17:00:00,11.78,13.11,13.847758726830625
2025-10-01 18:00:00,28.56,11.78,12.544722350152085
2025-10-01 19:00:00,20.51,28.56,27.29830459566963
2025-10-01 20:00:00,16.4,20.51,20.269654566102993
2025-10-01 21:00:00,20.64,16.4,16.649010981651344
2025-10-01 22:00:00,23.78,20.64,20.35464216088534
2025-10-01 23:00:00,18.69,23.78,23.140773606652957
2025-10-02 00:00:00,22.15,18.69,18.658532994603085
2025-10-02 01:00:00,18.84,22.15,21.695686426906217
2025-10-02 02:00:00,19.27,18.84,18.799001417072358
2025-10-02 03:00:00,28.12,19.27,19.174586813421158
2025-10-02 04:00:00,21.66,28.12,27.004082849457635
2025-10-02 05:00:00,19.73,21.66,21.324761713965568
2025-10-02 06:00:00,14.95,19.73,19.642127893057094
2025-10-02 07:00:00,11.37,14.95,15.49067330084621
2025-10-02 08:00:00,8.56,11.37,12.524499469797442
2025-10-02 09:00:00,8.69,8.56,10.382776240022679
2025-10-02 10:00:00,15.56,8.69,10.640068233799786
2025-10-02 11:00:00,14.24,15.56,16.763055890821146
2025-10-02 12:00:00,19.07,14.24,15.634381637707216
2025-10-02 13:00:00,16.6,19.07,19.962681458416192
2025-10-02 14:00:00,18.36,16.6,17.848535672779878
2025-10-02 15:00:00,43.28,18.36,19.36944097632574
2025-10-02 16:00:00,33.41,43.28,41.30092440644701
2025-10-02 17:00:00,25.95,33.41,32.5107262406281
2025-10-02 18:00:00,19.35,25.95,25.888662549404398
2025-10-02 19:00:00,15.43,19.35,19.990914268835297
2025-10-02 20:00:00,16.22,15.43,16.43890461099603
2025-10-02 21:00:00,26.53,16.22,17.087147361645158
2025-10-02 22:00:00,26.41,26.53,26.149083748199782
2025-10-02 23:00:00,27.63,26.41,25.977444074569917
2025-10-03 00:00:00,19.83,27.63,27.003048652274664
2025-10-03 01:00:00,17.12,19.83,20.03506612411042
2025-10-03 02:00:00,12.48,17.12,17.61672490486706
2025-10-03 03:00:00,11.43,12.48,13.45143721074928
2025-10-03 04:00:00,21.16,11.43,12.471878480887977
2025-10-03 05:00:00,16.38,21.16,21.02167730163211
2025-10-03 06:00:00,11.76,16.38,16.79864800832534
2025-10-03 07:00:00,9.58,11.76,12.753068367970393
2025-10-03 08:00:00,8.25,9.58,11.022247917840275
2025-10-03 09:00:00,7.93,8.25,10.109815935764022
2025-10-03 10:00:00,15.95,7.93,10.038654102611124
2025-10-03 11:00:00,13.39,15.95,17.267094526009473
2025-10-03 12:00:00,18.37,13.39,15.112704789538387
2025-10-03 13:00:00,17.05,18.37,19.496860575426062
2025-10-03 14:00:00,23.25,17.05,18.333129150350214
2025-10-03 15:00:00,18.47,23.25,23.841772804822025
2025-10-03 16:00:00,21.83,18.47,19.44045196952154
2025-10-03 17:00:00,16.59,21.83,22.21104692862857
2025-10-03 18:00:00,20.38,16.59,17.413226234333145
2025-10-03 19:00:00,17.82,20.38,20.596588862887383
2025-10-03 20:00:00,27.36,17.82,18.297080071460826
2025-10-03 21:00:00,28.7,27.36,26.640251867564572
2025-10-03 22:00:00,27.95,28.7,27.698193475065896
2025-10-03 23:00:00,25.29,27.95,26.962584379301607
2025-10-04 00:00:00,21.21,25.29,24.557487327669904
2025-10-04 01:00:00,23.93,21.21,20.89809324671354
2025-10-04 02:00:00,19.41,23.93,23.321787322336665
2025-10-04 03:00:00,26.44,19.41,19.365558566230582
2025-10-04 04:00:00,27.76,26.44,25.6141558211827
2025-10-04 05:00:00,25.12,27.76,26.774300743946743
2025-10-04 06:00:00,29.36,25.12,24.47464865989131
2025-10-04 07:00:00,22.22,29.36,28.380915910576043
2025-10-04 08:00:00,24.37,22.22,22.27349734996861
2025-10-04 09:00:00,18.95,24.37,24.39715503816847
2025-10-04 10:00:00,25.71,18.95,19.752962764485282
2025-10-04 11:00:00,30.78,25.71,25.849443845272994
2025-10-04 12:00:00,34.81,30.78,30.483317117653705
2025-10-04 13:00:00,33.1,34.81,34.22770046715102
2025-10-04 14:00:00,33.63,33.1,32.69924580778117
2025-10-04 15:00:00,34.86,33.63,33.14519153888285
2025-10-04 16:00:00,33.13,34.86,34.25865094799603
2025-10-04 17:00:00,31.09,33.13,32.63920034194112
2025-10-04 18:00:00,26.45,31.09,30.687523469072108
2025-10-04 19:00:00,28.67,26.45,26.56345727644147
2025-10-04 20:00:00,26.12,28.67,28.50734950044867
2025-10-04 21:00:00,47.61,26.12,26.17745245937858
2025-10-04 22:00:00,37.95,47.61,45.13453789201462
2025-10-04 23:00:00,34.58,37.95,36.603493223280736
2025-10-05 00:00:00,41.33,34.58,33.64008570918334
2025-10-05 01:00:00,41.02,41.33,39.65890703866127
2025-10-05 02:00:00,37.65,41.02,39.4155409265813
2025-10-05 03:00:00,31.13,37.65,36.48364590887087
2025-10-05 04:00:00,37.25,31.13,30.72320848175887
2025-10-05 05:00:00,29.21,37.25,36.15124115278695
2025-10-05 06:00:00,32.82,29.21,29.081030984861577
2025-10-05 07:00:00,24.76,32.82,32.359825931478134
2025-10-05 08:00:00,30.87,24.76,25.436516783618174
2025-10-05 09:00:00,32.86,30.87,31.074653749704616
2025-10-05 10:00:00,33.07,32.86,33.000703563152854
2025-10-05 11:00:00,26.85,33.07,33.28332770562493
2025-10-05 12:00:00,29.58,26.85,27.9195102746342
2025-10-05 13:00:00,47.09,29.58,30.444024186355314
2025-10-05 14:00:00,48.47,47.09,45.96265951386955
2025-10-05 15:00:00,62.09,48.47,46.994719475289926
2025-10-05 16:00:00,59.31,62.09,58.95427090296188
2025-10-05 17:00:00,61.6,59.31,56.48098075789446
2025-10-05 18:00:00,53.71,61.6,58.530039410575824
2025-10-05 19:00:00,52.83,53.71,51.53883038176615
2025-10-05 20:00:00,40.25,52.83,50.91998694073496
2025-10-05 21:00:00,30.75,40.25,39.85086617951153
2025-10-05 22:00:00,41.01,30.75,31.352513287515208
2025-10-05 23:00:00,34.56,41.01,40.433903842856196
2025-10-06 00:00:00,27.52,34.56,34.70735279229398
2025-10-06 01:00:00,30.48,27.52,28.74202364934831
2025-10-06 02:00:00,49.29,30.48,31.454902426980418
2025-10-06 03:00:00,37.45,49.29,47.808115718111665
2025-10-06 04:00:00,47.2,37.45,37.270637944727554
2025-10-06 05:00:00,35.03,47.2,45.9492130313765
2025-10-06 06:00:00,32.89,35.03,35.308404420926976
2025-10-06 07:00:00,23.59,32.89,33.19381265980257
2025-10-06 08:00:00,20.03,23.59,24.969951169052656
2025-10-06 09:00:00,21.99,20.03,21.79569622813078
2025-10-06 10:00:00,19.84,21.99,23.49049694430054
2025-10-06 11:00:00,15.32,19.84,21.5207447186849
2025-10-06 12:00:00,17.42,15.32,17.548822779359064
2025-10-06 13:00:00,13.78,17.42,19.36939094328273
2025-10-06 14:00:00,10.22,13.78,16.078444472306092
2025-10-06 15:00:00,9.19,10.22,12.780687010621195
2025-10-06 16:00:00,16.11,9.19,11.669238934006106
2025-10-06 17:00:00,20.38,16.11,17.60797677316522
2025-10-06 18:00:00,15.47,20.38,21.1819454180003
2025-10-06 19:00:00,11.19,15.47,16.73296366096029
2025-10-06 20:00:00,9.52,11.19,12.797554110235355
2025-10-06 21:00:00,8.51,9.52,11.221319217329361
2025-10-06 22:00:00,14.72,8.51,10.253515804665698
2025-10-06 23:00:00,12.29,14.72,15.584034735054555
2025-10-07 00:00:00,19.32,12.29,13.371076198426907
2025-10-07 01:00:00,13.82,19.32,19.564372463653918
2025-10-07 02:00:00,12.55,13.82,14.633520189482129
2025-10-07 03:00:00,22.86,12.55,13.367736772396206
2025-10-07 04:00:00,17.61,22.86,22.463103689182997
2025-10-07 05:00:00,13.78,17.61,17.711168992841202
2025-10-07 06:00:00,10.81,13.78,14.262530289478503
2025-10-07 07:00:00,11.56,10.81,11.601298227337427
2025-10-07 08:00:00,18.04,11.56,12.169767267649608
2025-10-07 09:00:00,14.2,18.04,17.87352138487683
2025-10-07 10:00:00,11.43,14.2,14.465951063865102
2025-10-07 11:00:00,9.25,11.43,11.991181444831774
2025-10-07 12:00:00,7.39,9.25,10.168125603516575
2025-10-07 13:00:00,5.96,7.39,8.510546083982977
2025-10-07 14:00:00,7.26,5.96,7.327330735980309
2025-10-07 15:00:00,15.15,7.26,8.429638229959876
2025-10-07 16:00:00,24.98,15.15,15.361932471473175
2025-10-07 17:00:00,19.04,24.98,23.97693325641345
2025-10-07 18:00:00,15.05,19.04,18.70931589172619
2025-10-07 19:00:00,12.19,15.05,15.19410021282714
2025-10-07 20:00:00,10.0,12.19,12.684699514009052
2025-10-07 21:00:00,8.52,10.0,10.708302834006378
2025-10-07 22:00:00,9.2,8.52,9.361192351343952
2025-10-07 23:00:00,7.73,9.2,10.001387624687426
2025-10-08 00:00:00,13.58,7.73,8.719152792077507
2025-10-08 01:00:00,10.69,13.58,13.79087605521752
2025-10-08 02:00:00,18.8,10.69,11.258363771524738
2025-10-08 03:00:00,14.5,18.8,18.404324384861546
2025-10-08 04:00:00,17.23,14.5,14.587702523658663
2025-10-08 05:00:00,18.95,17.23,17.02499632917334
2025-10-08 06:00:00,14.83,18.95,18.588828586588676
2025-10-08 07:00:00,14.23,14.83,14.977610646981184
2025-10-08 08:00:00,17.18,14.23,14.693172126700032
2025-10-08 09:00:00,16.45,17.18,17.46539541578584
2025-10-08 10:00:00,20.13,16.45,16.902377577504772
2025-10-08 11:00:00,23.01,20.13,20.248241077601303
2025-10-08 12:00:00,19.05,23.01,22.85991813639957
2025-10-08 13:00:00,35.46,19.05,19.406437022498714
2025-10-08 14:00:00,28.92,35.46,34.049695934257485
2025-10-08 15:00:00,27.59,28.92,28.355319317249837
2025-10-08 16:00:00,35.34,27.59,27.227753983058886
2025-10-08 17:00:00,29.89,35.34,33.87873691621941
2025-10-08 18:00:00,33.98,29.89,28.991964177673566
2025-10-08 19:00:00,43.81,33.98,32.72290918431236
2025-10-08 20:00:00,34.83,43.81,41.440876257747306
2025-10-08 21:00:00,32.8,34.83,33.58579879085877
2025-10-08 22:00:00,36.42,32.8,31.826480534826555
2025-10-08 23:00:00,37.28,36.42,35.03195357329547
2025-10-09 00:00:00,33.09,37.28,35.78352156655857
2025-10-09 01:00:00,43.96,33.09,32.009663118005626
2025-10-09 02:00:00,38.0,43.96,41.653212877269894
2025-10-09 03:00:00,36.21,38.0,36.46689231089714
2025-10-09 04:00:00,35.14,36.21,34.966421198529446
2025-10-09 05:00:00,32.87,35.14,34.08461993544776
2025-10-09 06:00:00,25.35,32.87,32.130059136575994
2025-10-09 07:00:00,33.49,25.35,25.54844733475646
2025-10-09 08:00:00,28.54,33.49,33.042329470255396
2025-10-09 09:00:00,35.84,28.54,28.94739364919759
2025-10-09 10:00:00,28.59,35.84,35.631621652822375
2025-10-09 11:00:00,31.38,28.59,29.39952353432278
2025-10-09 12:00:00,25.26,31.38,31.964755977346552
2025-10-09 13:00:00,36.44,25.26,26.672038800731524
2025-10-09 14:00:00,46.64,36.44,36.55579844888791
2025-10-09 15:00:00,34.41,46.64,45.6077568375937
2025-10-09 16:00:00,27.05,34.41,34.82777518003282
2025-10-09 17:00:00,30.25,27.05,28.07514530170936
2025-10-09 18:00:00,26.69,30.25,30.747850882422302
2025-10-09 19:00:00,28.35,26.69,27.41951943344922
2025-10-09 20:00:00,38.98,28.35,28.780370984519617
2025-10-09 21:00:00,38.22,38.98,38.14401376697498
2025-10-09 22:00:00,38.85,38.22,37.38709687151123
2025-10-09 23:00:00,31.92,38.85,37.87590778475429
2025-10-10 00:00:00,41.05,31.92,31.696776687022524
2025-10-10 01:00:00,38.12,41.05,39.710471093095904
2025-10-10 02:00:00,43.82,38.12,37.08113187580206
2025-10-10 03:00:00,54.63,43.82,42.0979369524491
2025-10-10 04:00:00,50.92,54.63,51.69659956521846
2025-10-10 05:00:00,34.37,50.92,48.45512887159482
2025-10-10 06:00:00,33.74,34.37,33.89856776078686
2025-10-10 07:00:00,25.66,33.74,33.471272661033225
2025-10-10 08:00:00,26.62,25.66,26.439890684194474
2025-10-10 09:00:00,34.03,26.62,27.43064664554996
2025-10-10 10:00:00,25.88,34.03,34.13947363348175
2025-10-10 11:00:00,33.92,25.88,27.134309098473068
2025-10-10 12:00:00,33.53,33.92,34.33501956936205
2025-10-10 13:00:00,30.21,33.53,34.069682554286835
2025-10-10 14:00:00,34.86,30.21,31.22908384346454
2025-10-10 15:00:00,40.62,34.86,35.28872771877576
2025-10-10 16:00:00,44.54,40.62,40.36471844341878
2025-10-10 17:00:00,41.76,44.54,43.6108423517702
2025-10-10 18:00:00,38.73,41.76,41.05608210575211
2025-10-10 19:00:00,28.22,38.73,38.345691979079405
2025-10-10 20:00:00,28.41,28.22,29.109560331583687
2025-10-10 21:00:00,28.99,28.41,29.190929077290885
2025-10-10 22:00:00,30.08,28.99,29.566352728450063
2025-10-10 23:00:00,30.63,30.08,30.41663744318136
2025-10-11 00:00:00,29.46,30.63,30.79376064704004
2025-10-11 01:00:00,24.02,29.46,29.639142945894754
2025-10-11 02:00:00,49.34,24.02,24.798480104467526
2025-10-11 03:00:00,56.85,49.34,47.10745501020223
2025-10-11 04:00:00,46.63,56.85,53.7127471675269
2025-10-11 05:00:00,35.17,46.63,44.89261592717219
2025-10-11 06:00:00,43.52,35.17,34.66125040629605
2025-10-11 07:00:00,30.93,43.52,42.06974888932979
2025-10-11 08:00:00,22.76,30.93,31.170719960668254
2025-10-11 09:00:00,20.01,22.76,24.051141540679307
2025-10-11 10:00:00,29.23,20.01,21.65158981956096
2025-10-11 11:00:00,22.96,29.23,29.971456696995286
2025-10-11 12:00:00,26.58,22.96,24.49425154387069
2025-10-11 13:00:00,28.24,26.58,27.180520042888286
2025-10-11 14:00:00,39.06,28.24,28.70352942137704
2025-10-11 15:00:00,36.04,39.06,38.32822512847261
2025-10-11 16:00:00,44.36,36.04,35.677948751448085
2025-10-11 17:00:00,32.74,44.36,42.98757892652107
2025-10-11 18:00:00,36.62,32.74,32.556994070377854
2025-10-11 19:00:00,27.13,36.62,35.89217693300421
2025-10-11 20:00:00,33.27,27.13,27.467340778644733
2025-10-11 21:00:00,26.35,33.27,32.92299498112764
2025-10-11 22:00:00,45.15,26.35,26.78718197131031
2025-10-11 23:00:00,35.72,45.15,43.41444806784527
2025-10-12 00:00:00,43.66,35.72,35.12063635943363
2025-10-12 01:00:00,35.08,43.66,42.10450207732089
2025-10-12 02:00:00,44.93,35.08,34.527336476696775
2025-10-12 03:00:00,37.97,44.93,43.1748703143999
2025-10-12 04:00:00,39.1,37.97,36.9546346873539
2025-10-12 05:00:00,36.18,39.1,37.927271959437334
2025-10-12 06:00:00,33.29,36.18,35.355023934653076
2025-10-12 07:00:00,31.7,33.29,32.87180033460358
2025-10-12 08:00:00,44.85,31.7,31.671261571369953
2025-10-12 09:00:00,39.53,44.85,43.68546095676528
2025-10-12 10:00:00,41.19,39.53,39.21695489392016
2025-10-12 11:00:00,42.38,41.19,40.82517329338114
2025-10-12 12:00:00,33.33,42.38,41.96600759461889
2025-10-12 13:00:00,33.26,33.33,34.03979553226573
2025-10-12 14:00:00,34.89,33.26,33.989836749951024
2025-10-12 15:00:00,28.04,34.89,35.38399638798984
2025-10-12 16:00:00,29.41,28.04,29.268245593548354
2025-10-12 17:00:00,31.84,29.41,30.21258086239041
2025-10-12 18:00:00,31.61,31.84,32.22610418071933
2025-10-12 19:00:00,23.35,31.61,31.816971207030377
2025-10-12 20:00:00,22.04,23.35,24.555350322305525
2025-10-12 21:00:00,28.31,22.04,23.31394812019442
2025-10-12 22:00:00,23.12,28.31,28.79656279398377
2025-10-12 23:00:00,17.12,23.12,24.068534303556902
2025-10-13 00:00:00,18.47,17.12,18.692132506681553
2025-10-13 01:00:00,26.29,18.47,19.776036333709975
2025-10-13 02:00:00,27.68,26.29,26.52991993298335
2025-10-13 03:00:00,45.33,27.68,27.78561758679029
2025-10-13 04:00:00,37.17,45.33,43.34469536108067
2025-10-13 05:00:00,46.07,37.17,36.0944353479489
2025-10-13 06:00:00,37.93,46.07,43.97101399467634
2025-10-13 07:00:00,27.66,37.93,36.924998294549894
2025-10-13 08:00:00,21.86,27.66,28.13625790242578
2025-10-13 09:00:00,25.51,21.86,22.901531407082796
2025-10-13 10:00:00,19.2,25.51,26.32653784075231
2025-10-13 11:00:00,13.59,19.2,20.802721504074004
2025-10-13 12:00:00,10.7,13.59,15.361294930770226
2025-10-13 13:00:00,8.61,10.7,12.819612445681159
2025-10-13 14:00:00,13.8,8.61,10.88676701405786
2025-10-13 15:00:00,10.91,13.8,15.413469547600274
2025-10-13 16:00:00,8.88,10.91,12.786734636204732
2025-10-13 17:00:00,11.89,8.88,10.876314651150734
2025-10-13 18:00:00,14.83,11.89,13.33091167800925
2025-10-13 19:00:00,14.13,14.83,15.705613303293687
2025-10-13 20:00:00,11.78,14.13,15.0611529599068
2025-10-13 21:00:00,11.59,11.78,12.980867542176162
2025-10-13 22:00:00,23.64,11.59,12.788052944038375
2025-10-13 23:00:00,17.48,23.64,23.38964078000657
2025-10-14 00:00:00,14.79,17.48,17.97251888609498
2025-10-14 01:00:00,12.81,14.79,15.502750037926788
2025-10-14 02:00:00,9.24,12.81,13.692008673738275
2025-10-14 03:00:00,9.7,9.24,10.515686778404604
2025-10-14 04:00:00,31.45,9.7,10.771922095800944
2025-10-14 05:00:00,25.51,31.45,29.952353398484117
2025-10-14 06:00:00,19.99,25.51,24.654397745039343
2025-10-14 07:00:00,20.17,19.99,19.805041340321583
2025-10-14 08:00:00,16.45,20.17,19.904972875324326
2025-10-14 09:00:00,32.4,16.45,16.665313392079206
2025-10-14 10:00:00,24.0,32.4,30.84812159774165
2025-10-14 11:00:00,26.01,24.0,23.620532089044016
2025-10-14 12:00:00,19.99,26.01,25.42042483172339
2025-10-14 13:00:00,15.9,19.99,20.22612813164918
2025-10-14 14:00:00,23.86,15.9,16.76897601803357
2025-10-14 15:00:00,23.88,23.86,23.532770195508384
2025-10-14 16:00:00,27.57,23.88,23.525682765380974
2025-10-14 17:00:00,26.14,27.57,26.842375532639956
2025-10-14 18:00:00,20.14,26.14,25.522642164945626
2025-10-14 19:00:00,15.69,20.14,20.187223666197355
2025-10-14 20:00:00,13.09,15.69,16.242697718492735
2025-10-14 21:00:00,15.79,13.09,13.958522624049227
2025-10-14 22:00:00,11.63,15.79,16.411743025012107
2025-10-14 23:00:00,10.75,11.63,12.706357419637921
2025-10-15 00:00:00,14.11,10.75,11.943625868868784
2025-10-15 01:00:00,11.27,14.11,14.881062977600413
2025-10-15 02:00:00,21.42,11.27,12.345397904404296
2025-10-15 03:00:00,17.88,21.42,21.358573554999385
2025-10-15 04:00:00,13.36,17.88,18.1824203769854
2025-10-15 05:00:00,11.26,13.36,14.144417830802123
2025-10-15 06:00:00,14.56,11.26,12.267868291924634
2025-10-15 07:00:00,12.39,14.56,15.153681480034074
2025-10-15 08:00:00,10.85,12.39,13.342063932059455
2025-10-15 09:00:00,20.98,10.85,12.064292500228616
2025-10-15 10:00:00,18.27,20.98,21.184593137336368
2025-10-15 11:00:00,14.18,18.27,18.883370825704628
2025-10-15 12:00:00,11.58,14.18,15.267387299009139
2025-10-15 13:00:00,9.2,11.58,12.96790327516341
2025-10-15 14:00:00,10.59,9.2,10.466128884721158
2025-10-15 15:00:00,10.07,10.59,11.80640061562477
2025-10-15 16:00:00,16.25,10.07,11.351170258864048
2025-10-15 17:00:00,22.63,16.25,16.657633684633222
2025-10-15 18:00:00,18.2,22.63,22.13934314354179
2025-10-15 19:00:00,25.38,18.2,18.117817187441773
2025-10-15 20:00:00,28.24,25.38,24.479231117585904
2025-10-15 21:00:00,32.34,28.24,27.025384102355066
2025-10-15 22:00:00,35.99,32.34,30.69968155932543
2025-10-15 23:00:00,26.31,35.99,33.949159000842656
2025-10-16 00:00:00,18.65,26.31,25.46989109151327
2025-10-16 01:00:00,14.67,18.65,18.782016784083474
2025-10-16 02:00:00,11.07,14.67,15.234160310090601
2025-10-16 03:00:00,14.98,11.07,12.005843217287484
2025-10-16 04:00:00,11.13,14.98,15.515310582199628
2025-10-16 05:00:00,13.55,11.13,12.039505307925369
2025-10-16 06:00:00,10.0,13.55,14.183678644891897
2025-10-16 07:00:00,7.82,10.0,11.063402902568303
2025-10-16 08:00:00,6.08,7.82,9.363730637131205
2025-10-16 09:00:00,6.62,6.08,7.959963285923428
2025-10-16 10:00:00,13.06,6.62,8.593202336307739
2025-10-16 11:00:00,17.85,13.06,14.346026772416371
2025-10-16 12:00:00,16.94,17.85,18.65523497323937
2025-10-16 13:00:00,20.76,16.94,17.774220529238498
2025-10-16 14:00:00,16.35,20.76,20.984931830119073
2025-10-16 15:00:00,19.3,16.35,17.18474030804269
2025-10-16 16:00:00,23.55,19.3,19.8109214846516
2025-10-16 17:00:00,16.97,23.55,23.332726004632732
2025-10-16 18:00:00,15.93,16.97,17.530297858216986
2025-10-16 19:00:00,21.1,15.93,16.290799328184825
2025-10-16 20:00:00,24.69,21.1,20.776304332713536
2025-10-16 21:00:00,28.13,24.69,23.934010512986262
2025-10-16 22:00:00,22.99,28.13,27.01481755858989
2025-10-16 23:00:00,42.41,22.99,22.44726575948501
2025-10-17 00:00:00,32.74,42.41,39.65325335252932
2025-10-17 01:00:00,42.83,32.74,31.113711798949176
2025-10-17 02:00:00,38.99,42.83,40.074759848556056
2025-10-17 03:00:00,43.46,38.99,36.75751582274951
2025-10-17 04:00:00,33.5,43.46,40.79441945210989
2025-10-17 05:00:00,26.85,33.5,32.091044933967765
2025-10-17 06:00:00,23.78,26.85,26.303917835804288
2025-10-17 07:00:00,21.7,23.78,23.68457137348119
2025-10-17 08:00:00,17.68,21.7,22.043293131337215
2025-10-17 09:00:00,26.66,17.68,18.741845973376883
2025-10-17 10:00:00,20.96,26.66,26.988772267559316
2025-10-17 11:00:00,25.5,20.96,22.20573914362369
2025-10-17 12:00:00,25.88,25.5,26.336610397057438
2025-10-17 13:00:00,33.82,25.88,26.78601346520864
2025-10-17 14:00:00,30.24,33.82,33.88112822046688
2025-10-17 15:00:00,28.94,30.24,30.747948291991865
2025-10-17 16:00:00,28.81,28.94,29.527434782787882
2025-10-17 17:00:00,26.17,28.81,29.196496445896887
2025-10-17 18:00:00,21.14,26.17,26.77954306835786
2025-10-17 19:00:00,23.27,21.14,22.222539623697337
2025-10-17 20:00:00,19.33,23.27,24.16321042073609
2025-10-17 21:00:00,30.16,19.33,20.57053533418803
2025-10-17 22:00:00,25.19,30.16,29.991685771486537
2025-10-17 23:00:00,43.03,25.19,25.541719960322823
2025-10-18 00:00:00,46.0,43.03,41.21870618604427
2025-10-18 01:00:00,48.13,46.0,43.904719483380944
2025-10-18 02:00:00,44.96,48.13,45.77786644009417
2025-10-18 03:00:00,43.95,44.96,42.87129513347651
2025-10-18 04:00:00,34.03,43.95,41.98761987752127
2025-10-18 05:00:00,42.5,34.03,33.245005706612716
2025-10-18 06:00:00,33.19,42.5,40.79717614475403
2025-10-18 07:00:00,27.57,33.19,32.632330145175104
2025-10-18 08:00:00,22.76,27.57,27.893063857806204
2025-10-18 09:00:00,28.07,22.76,23.93102144142977
2025-10-18 10:00:00,22.01,28.07,28.802788022467574
2025-10-18 11:00:00,33.27,22.01,23.594951556723597
2025-10-18 12:00:00,25.36,33.27,33.59730660995537
2025-10-18 13:00:00,29.52,25.36,26.728045422062088
2025-10-18 14:00:00,22.9,29.52,30.409466851625137
2025-10-18 15:00:00,28.72,22.9,24.495329382810485
2025-10-18 16:00:00,29.06,28.72,29.574003452522362
2025-10-18 17:00:00,32.95,29.06,29.610229731647394
2025-10-18 18:00:00,39.3,32.95,32.88714119968161
2025-10-18 19:00:00,34.38,39.3,38.497630756549185
2025-10-18 20:00:00,32.68,34.38,34.16898747637903
2025-10-18 21:00:00,42.4,32.68,32.60825038223696
2025-10-18 22:00:00,46.25,42.4,41.1933860397602
2025-10-18 23:00:00,43.48,46.25,44.63192342335911
2025-10-19 00:00:00,48.11,43.48,42.11373453087316
2025-10-19 01:00:00,39.26,48.11,46.00239654282363
2025-10-19 02:00:00,43.0,39.26,38.14786171006121
2025-10-19 03:00:00,59.83,43.0,41.45475036319317
2025-10-19 04:00:00,53.41,59.83,56.45990264204683
2025-10-19 05:00:00,46.39,53.41,50.86869691620883
2025-10-19 06:00:00,34.07,46.39,44.75446506587886
2025-10-19 07:00:00,32.9,34.07,33.89456558125812
2025-10-19 08:00:00,27.78,32.9,33.0319256252661
2025-10-19 09:00:00,25.19,27.78,28.743891415986816
2025-10-19 10:00:00,25.74,25.19,26.54296545294685
2025-10-19 11:00:00,25.17,25.74,27.087758286119577
2025-10-19 12:00:00,32.62,25.17,26.74797875401512
2025-10-19 13:00:00,29.71,32.62,32.940700791620756
2025-10-19 14:00:00,30.16,29.71,30.50502488128943
2025-10-19 15:00:00,31.72,30.16,30.868381330294994
2025-10-19 16:00:00,27.58,31.72,32.30270989174832
2025-10-19 17:00:00,23.52,27.58,28.54501095773207
2025-10-19 18:00:00,26.23,23.52,24.71248349418461
2025-10-19 19:00:00,33.98,26.23,26.99687875926431
2025-10-19 20:00:00,25.67,33.98,33.86251652725637
2025-10-19 21:00:00,20.11,25.67,26.439324680147767
2025-10-19 22:00:00,24.15,20.11,21.46223983831129
2025-10-19 23:00:00,25.48,24.15,24.978521377088338
2025-10-20 00:00:00,29.98,25.48,26.040010573354493
2025-10-20 01:00:00,29.79,29.98,29.846190460497265
2025-10-20 02:00:00,23.56,29.79,29.699655687638735
2025-10-20 03:00:00,21.3,23.56,24.171904845319737
2025-10-20 04:00:00,21.88,21.3,22.054574277073677
2025-10-20 05:00:00,20.76,21.88,22.577405404003123
2025-10-20 06:00:00,16.17,20.76,21.709332569048513
2025-10-20 07:00:00,12.43,16.17,17.783289674145784
2025-10-20 08:00:00,13.72,12.43,14.712993494844941
2025-10-20 09:00:00,35.13,13.72,15.90995187985847
2025-10-20 10:00:00,28.12,35.13,34.83124448279165
2025-10-20 11:00:00,27.97,28.12,28.675377026467917
2025-10-20 12:00:00,24.55,27.97,28.625457629372946
2025-10-20 13:00:00,19.35,24.55,25.578853317075385
2025-10-20 14:00:00,23.23,19.35,20.982657238754236
2025-10-20 15:00:00,26.18,23.23,24.462685661564787
2025-10-20 16:00:00,19.66,26.18,26.914114290745655
2025-10-20 17:00:00,22.81,19.66,21.05530957174491
2025-10-20 18:00:00,19.83,22.81,23.759999577877156
2025-10-20 19:00:00,16.19,19.83,20.979658771860734
2025-10-20 20:00:00,18.96,16.19,17.743800250332015
2025-10-20 21:00:00,28.55,18.96,20.169811511610646
2025-10-20 22:00:00,21.15,28.55,28.60557901046589
2025-10-20 23:00:00,17.2,21.15,22.052111044121112
2025-10-21 00:00:00,20.5,17.2,18.54760792798672
2025-10-21 01:00:00,19.2,20.5,21.426575649315595
2025-10-21 02:00:00,14.44,19.2,20.363703265861353
2025-10-21 03:00:00,17.03,14.44,16.145722293010934
2025-10-21 04:00:00,12.67,17.03,18.45163039068906
2025-10-21 05:00:00,16.23,12.67,14.611377592758872
2025-10-21 06:00:00,14.96,16.23,17.6818454688956
2025-10-21 07:00:00,15.3,14.96,16.51123780748579
2025-10-21 08:00:00,12.59,15.3,16.969778836662968
2025-10-21 09:00:00,10.72,12.59,14.739757224541227
2025-10-21 10:00:00,15.24,10.72,13.025407054965449
2025-10-21 11:00:00,22.21,15.24,17.012657763527365
2025-10-21 12:00:00,17.09,22.21,23.18163840593905
2025-10-21 13:00:00,16.9,17.09,18.611437737837605
2025-10-21 14:00:00,14.37,16.9,18.462881627513227
2025-10-21 15:00:00,25.55,14.37,16.191508081465603
2025-10-21 16:00:00,19.0,25.55,25.974830278154933
2025-10-21 17:00:00,13.49,19.0,20.137559242353404
2025-10-21 18:00:00,10.99,13.49,15.291552064206822
2025-10-21 19:00:00,17.35,10.99,13.058346399888393
2025-10-21 20:00:00,13.88,17.35,18.67348746339373
2025-10-21 21:00:00,17.92,13.88,15.550241471564378
2025-10-21 22:00:00,14.01,17.92,19.028477382189063
2025-10-21 23:00:00,11.2,14.01,15.563035646592851
2025-10-22 00:00:00,8.61,11.2,13.077695630272965
2025-10-22 01:00:00,6.9,8.61,10.702454664667608
2025-10-22 02:00:00,5.27,6.9,9.209947637886195
2025-10-22 03:00:00,5.99,5.27,7.801728453733
2025-10-22 04:00:00,5.77,5.99,8.431677233874431
2025-10-22 05:00:00,10.68,5.77,8.22306471691039
2025-10-22 06:00:00,8.86,10.68,12.539333239420593
2025-10-22 07:00:00,14.47,8.86,10.85881824320964
2025-10-22 08:00:00,11.6,14.47,15.848743808743286
2025-10-22 09:00:00,8.63,11.6,13.44272711754278
2025-10-22 10:00:00,9.93,8.63,10.753545380683363
2025-10-22 11:00:00,11.82,9.93,11.903876073704101
2025-10-22 12:00:00,11.13,11.82,13.572785676677858
2025-10-22 13:00:00,14.79,11.13,12.939685924530192
2025-10-22 14:00:00,16.73,14.79,16.135135951992808
2025-10-22 15:00:00,12.32,16.73,17.85309706639461
2025-10-22 16:00:00,10.78,12.32,13.891177243997202
2025-10-22 17:00:00,8.67,10.78,12.439964124909944
2025-10-22 18:00:00,9.68,8.67,10.596038987835364
2025-10-22 19:00:00,9.69,9.68,11.400682791068188
2025-10-22 20:00:00,7.57,9.69,11.439812613643465
2025-10-22 21:00:00,7.32,7.57,9.524578179175887
2025-10-22 22:00:00,6.37,7.32,9.246753943413545
2025-10-22 23:00:00,5.1,6.37,8.387190207861744
2025-10-23 00:00:00,5.1,5.1,7.281113293581011
2025-10-23 01:00:00,10.84,5.1,7.247305964956918
2025-10-23 02:00:00,11.97,10.84,12.270999190673402
2025-10-23 03:00:00,14.17,11.97,13.189362856563491
2025-10-23 04:00:00,13.78,14.17,15.081288836393208
2025-10-23 05:00:00,12.06,13.78,14.82341080741084
2025-10-23 06:00:00,18.54,12.06,13.450667892021102
2025-10-23 07:00:00,14.64,18.54,19.024094402264737
2025-10-23 08:00:00,14.61,14.64,15.671472893560868
2025-10-23 09:00:00,11.03,14.61,15.599206020729047
2025-10-23 10:00:00,10.01,11.03,12.454805673403023
2025-10-23 11:00:00,17.46,10.01,11.545961306298906
2025-10-23 12:00:00,14.69,17.46,18.126875611897827
2025-10-23 13:00:00,17.71,14.69,15.637829667953326
2025-10-23 14:00:00,16.22,17.71,18.390960091986564
2025-10-23 15:00:00,27.04,16.22,17.05040678686604
2025-10-23 16:00:00,22.97,27.04,26.554261453885697
2025-10-23 17:00:00,16.77,22.97,22.98181685447361
2025-10-23 18:00:00,17.74,16.77,17.516493449079498
2025-10-23 19:00:00,19.23,17.74,18.41718949824162
2025-10-23 20:00:00,24.9,19.23,19.850377921555683
2025-10-23 21:00:00,23.21,24.9,24.911216031108374
2025-10-23 22:00:00,24.38,23.21,23.445726516674522
2025-10-23 23:00:00,20.79,24.38,24.4270761466434
2025-10-24 00:00:00,23.87,20.79,21.286088488342788
2025-10-24 01:00:00,25.13,23.87,23.91819515260642
2025-10-24 02:00:00,30.76,25.13,25.022333287202226
2025-10-24 03:00:00,35.32,30.76,29.913962852615434
2025-10-24 04:00:00,25.53,35.32,33.978658338329005
2025-10-24 05:00:00,24.0,25.53,25.388055368705253
2025-10-24 06:00:00,17.95,24.0,24.160486623789964
2025-10-24 07:00:00,23.26,17.95,18.822173587415048
2025-10-24 08:00:00,23.52,23.26,23.68922203727509
2025-10-24 09:00:00,28.36,23.52,24.02442019016025
2025-10-24 10:00:00,23.56,28.36,28.514541267808983
2025-10-24 11:00:00,26.09,23.56,24.349013284102952
2025-10-24 12:00:00,22.93,26.09,26.548772704857527
2025-10-24 13:00:00,21.31,22.93,23.819506244665117
2025-10-24 14:00:00,17.5,21.31,22.37640042336679
2025-10-24 15:00:00,26.61,17.5,19.1051495411795
2025-10-24 16:00:00,29.02,26.61,27.051132543176877
2025-10-24 17:00:00,24.69,29.02,29.11940290939349
2025-10-24 18:00:00,23.37,24.69,25.19514092986211
2025-10-24 19:00:00,35.89,23.37,23.936963854937733
2025-10-24 20:00:00,31.14,35.89,35.00168155636
2025-10-24 21:00:00,37.9,31.14,30.69826069821905
2025-10-24 22:00:00,31.46,37.9,36.54020787736491
2025-10-24 23:00:00,29.04,31.46,30.910789821847622
2025-10-25 00:00:00,23.47,29.04,28.889719570612293
2025-10-25 01:00:00,26.37,23.47,24.146066415569802
2025-10-25 02:00:00,22.89,26.37,26.847006029159797
2025-10-25 03:00:00,30.8,22.89,23.80903512050297
2025-10-25 04:00:00,23.83,30.8,30.796975911921173
2025-10-25 05:00:00,23.5,23.83,24.6760833919774
2025-10-25 06:00:00,18.24,23.5,24.412286920773457
2025-10-25 07:00:00,26.66,18.24,19.71242992784614
2025-10-25 08:00:00,24.92,26.66,27.213885877415176
2025-10-25 09:00:00,25.41,24.92,25.844016503680812
2025-10-25 10:00:00,26.88,25.41,26.291540994877643
2025-10-25 11:00:00,24.5,26.88,27.613844275545468
2025-10-25 12:00:00,19.46,24.5,25.52770161212318
2025-10-25 13:00:00,36.29,19.46,21.06509343945594
2025-10-25 14:00:00,31.34,36.29,35.972630146498645
2025-10-25 15:00:00,35.34,31.34,31.67584576845648
2025-10-25 16:00:00,42.28,35.34,35.20382223324936
2025-10-25 17:00:00,41.08,42.28,41.07417254197158
2025-10-25 18:00:00,32.76,41.08,39.95220797601192
2025-10-25 19:00:00,34.23,32.76,32.57156303613358
2025-10-25 20:00:00,28.74,34.23,33.861817543153514
2025-10-25 21:00:00,29.89,28.74,29.039865504346892
2025-10-25 22:00:00,33.18,29.89,29.971006422724802
2025-10-25 23:00:00,31.28,33.18,32.908937950522514
2025-10-26 00:00:00,25.6,31.28,31.22280550956784
2025-10-26 01:00:00,24.69,25.6,26.087557675308823
2025-10-26 02:00:00,35.57,24.69,25.389854256849908
2025-10-26 03:00:00,36.59,35.57,35.09904967785501
2025-10-26 04:00:00,27.66,36.59,36.044576084234464
2025-10-26 05:00:00,30.53,27.66,28.188972666855395
2025-10-26 06:00:00,24.95,30.53,30.82858161941167
2025-10-26 07:00:00,24.57,24.95,25.981443409064468
2025-10-26 08:00:00,20.18,24.57,25.683710965704453
2025-10-26 09:00:00,29.04,20.18,21.93031913141015
2025-10-26 10:00:00,21.32,29.04,29.820397744486048
2025-10-26 11:00:00,24.02,21.32,23.03929077463643
2025-10-26 12:00:00,26.83,24.02,25.4060567802219
2025-10-26 13:00:00,31.08,26.83,27.923063090788474
2025-10-26 14:00:00,34.73,31.08,31.67245781827518
2025-10-26 15:00:00,34.67,34.73,34.92663420087322
2025-10-26 16:00:00,39.96,34.67,34.8765060527376
2025-10-26 17:00:00,41.76,39.96,39.09163094517115
2025-10-26 18:00:00,31.22,41.76,40.6496988071205
2025-10-26 19:00:00,31.29,31.22,31.44827172434178
2025-10-26 20:00:00,23.2,31.29,31.63732411909524
2025-10-26 21:00:00,25.44,23.2,24.49425485859646
2025-10-26 22:00:00,19.29,25.44,26.48604551038015
2025-10-26 23:00:00,24.02,19.29,20.9981231773201
2025-10-27 00:00:00,18.69,24.02,25.121258114967873
2025-10-27 01:00:00,18.03,18.69,20.377769988929387
2025-10-27 02:00:00,22.38,18.03,19.69747930856162
2025-10-27 03:00:00,23.49,22.38,23.465872102650227
2025-10-27 04:00:00,20.23,23.49,24.408965070137903
2025-10-27 05:00:00,27.5,20.23,21.571384968016197
2025-10-27 06:00:00,20.8,27.5,28.056001288620312
2025-10-27 07:00:00,15.45,20.8,22.16161018318795
2025-10-27 08:00:00,19.03,15.45,17.432330223245053
2025-10-27 09:00:00,22.25,19.03,20.690954365357893
2025-10-27 10:00:00,22.16,22.25,23.603442014714194
2025-10-27 11:00:00,16.94,22.16,23.491485666238088
2025-10-27 12:00:00,21.32,16.94,18.875276539555387
2025-10-27 13:00:00,29.08,21.32,22.750375098216153
2025-10-27 14:00:00,28.53,29.08,29.63326773874433
2025-10-27 15:00:00,40.25,28.53,29.127771859501483
2025-10-27 16:00:00,38.26,40.25,39.34029170660794
2025-10-27 17:00:00,32.01,38.26,37.280719493107455
2025-10-27 18:00:00,41.17,32.01,31.75720857812691
2025-10-27 19:00:00,41.44,41.17,39.79353874630816
2025-10-27 20:00:00,43.18,41.44,40.038292733182416
2025-10-27 21:00:00,52.61,43.18,41.637051418309085
2025-10-27 22:00:00,48.69,52.61,50.12806528164275
2025-10-27 23:00:00,38.48,48.69,46.77899602769635
2025-10-28 00:00:00,30.9,38.48,37.70836943536496
2025-10-28 01:00:00,31.16,30.9,31.028639635290165
2025-10-28 02:00:00,38.62,31.16,31.303279403518577
2025-10-28 03:00:00,30.8,38.62,37.992544720473774
2025-10-28 04:00:00,29.86,30.8,31.23372548081279
2025-10-28 05:00:00,27.27,29.86,30.46933293723419
2025-10-28 06:00:00,25.85,27.27,28.214269290129998
2025-10-28 07:00:00,21.19,25.85,26.91853874143071
2025-10-28 08:00:00,24.24,21.19,22.842047804140783
2025-10-28 09:00:00,21.16,24.24,25.847704981396927
2025-10-28 10:00:00,17.72,21.16,23.20704253353571
2025-10-28 11:00:00,23.88,17.72,20.20411342717526
2025-10-28 12:00:00,25.43,23.88,25.59804589625976
2025-10-28 13:00:00,22.82,25.43,27.027261287133072
2025-10-28 14:00:00,20.38,22.82,24.807424856535285
2025-10-28 15:00:00,29.69,20.38,22.656507165023267
2025-10-28 16:00:00,30.73,29.69,30.639946182154215
2025-10-28 17:00:00,39.73,30.73,31.378990452478032
2025-10-28 18:00:00,45.27,39.73,39.192213767679135
2025-10-28 19:00:00,53.86,45.27,44.11810461149278
2025-10-28 20:00:00,47.66,53.86,51.86867649157827
2025-10-28 21:00:00,59.63,47.66,46.3166491470417
2025-10-28 22:00:00,48.22,59.63,56.923589559035804
2025-10-28 23:00:00,49.66,48.22,46.769151991137335
2025-10-29 00:00:00,49.58,49.66,48.10454451440633
2025-10-29 01:00:00,50.34,49.58,47.95916842128277
2025-10-29 02:00:00,46.86,50.34,48.77269138334425
2025-10-29 03:00:00,49.33,46.86,45.62586063530894
2025-10-29 04:00:00,45.6,49.33,47.78863986082911
2025-10-29 05:00:00,38.76,45.6,44.503973689392424
2025-10-29 06:00:00,29.37,38.76,38.543327319886984
2025-10-29 07:00:00,31.92,29.37,30.21035754578965
2025-10-29 08:00:00,23.31,31.92,32.71450512604839
2025-10-29 09:00:00,18.35,23.31,25.331893116184823
2025-10-29 10:00:00,15.53,18.35,20.97076788291138
2025-10-29 11:00:00,20.66,15.53,18.576061121873337
2025-10-29 12:00:00,32.22,20.66,23.131570630143933
2025-10-29 13:00:00,29.22,32.22,33.420536795571905
2025-10-29 14:00:00,25.35,29.22,30.794079420920273
2025-10-29 15:00:00,43.67,25.35,27.39928719795759
2025-10-29 16:00:00,39.36,43.67,43.56770989342286
2025-10-29 17:00:00,50.95,39.36,39.44166991826236
2025-10-29 18:00:00,49.3,50.95,49.63424758072627
2025-10-29 19:00:00,47.2,49.3,48.09528396034423
2025-10-29 20:00:00,48.19,47.2,46.25570273418798
2025-10-29 21:00:00,49.29,48.19,47.04885293724233
2025-10-29 22:00:00,51.75,49.29,47.98900488298261
2025-10-29 23:00:00,43.06,51.75,50.172573089702695
2025-10-30 00:00:00,43.51,43.06,42.432888537622546
2025-10-30 01:00:00,41.87,43.51,42.76011693227096
2025-10-30 02:00:00,40.32,41.87,41.28622665293099
2025-10-30 03:00:00,32.4,40.32,39.84557705090285
2025-10-30 04:00:00,33.79,32.4,32.72475814953374
2025-10-30 05:00:00,29.0,33.79,33.85644931023499
2025-10-30 06:00:00,24.71,29.0,29.603228457351737
2025-10-30 07:00:00,33.38,24.71,25.72313769877944
2025-10-30 08:00:00,25.21,33.38,33.47392002938686
2025-10-30 09:00:00,22.4,25.21,26.378546223035432
2025-10-30 10:00:00,25.52,22.4,23.99968829079628
2025-10-30 11:00:00,23.75,25.52,26.88498205661768
2025-10-30 12:00:00,24.44,23.75,25.27918922365362
2025-10-30 13:00:00,17.26,24.44,25.83270921916997
2025-10-30 14:00:00,13.77,17.26,19.53502629016134
2025-10-30 15:00:00,15.07,13.77,16.47420281913267
2025-10-30 16:00:00,19.21,15.07,17.340075207587088
2025-10-30 17:00:00,15.88,19.21,20.791754266016298
2025-10-30 18:00:00,19.87,15.88,17.66480597868888
2025-10-30 19:00:00,14.47,19.87,21.10424219557224
2025-10-30 20:00:00,12.42,14.47,16.23670991680282
2025-10-30 21:00:00,18.17,12.42,14.286599077190237
2025-10-30 22:00:00,14.95,18.17,19.25804608046822
2025-10-30 23:00:00,12.19,14.95,16.246059408067488
2025-10-31 00:00:00,14.92,12.19,13.605139102199637
2025-10-31 01:00:00,11.59,14.92,15.938364330392561
2025-10-31 02:00:00,20.86,11.59,12.874924314031517
2025-10-31 03:00:00,26.98,20.86,20.951012504655203
2025-10-31 04:00:00,25.0,26.98,26.32932193367031
2025-10-31 05:00:00,20.68,25.0,24.610518054839364
2025-10-31 06:00:00,15.47,20.68,20.83392519479434
2025-10-31 07:00:00,12.35,15.47,16.24097535286756
2025-10-31 08:00:00,10.93,12.35,13.656144869121269
2025-10-31 09:00:00,14.05,10.93,12.516061214278421
2025-10-31 10:00:00,14.15,14.05,15.290993708839059
2025-10-31 11:00:00,10.68,14.15,15.364992062532519
2025-10-31 12:00:00,8.98,10.68,12.206774224341565
2025-10-31 13:00:00,15.46,8.98,10.604153871240891
2025-10-31 14:00:00,19.45,15.46,16.254346633985328
2025-10-31 15:00:00,25.6,19.45,19.73956970806357
2025-10-31 16:00:00,18.76,25.6,25.16875266593716
2025-10-31 17:00:00,19.14,18.76,19.05656729291035
2025-10-31 18:00:00,13.66,19.14,19.380303417254595
2025-10-31 19:00:00,9.63,13.66,14.390210176626177
2025-10-31 20:00:00,7.22,9.63,10.909617570133664
2025-10-31 21:00:00,5.56,7.22,8.740787529095462
2025-10-31 22:00:00,4.53,5.56,7.213359137333082
2025-10-31 23:00:00,3.48,4.53,6.2214754222465904
2025-11-01 00:00:00,3.25,3.48,5.29895704698965
2025-11-01 01:00:00,3.1,3.25,5.077732781082218
2025-11-01 02:00:00,2.78,3.1,4.950954372074101
2025-11-01 03:00:00,4.39,2.78,4.61357832890242
2025-11-01 04:00:00,8.66,4.39,5.960772578554739
2025-11-01 05:00:00,7.61,8.66,9.70067102777463
2025-11-01 06:00:00,5.52,7.61,8.765277734337747
2025-11-01 07:00:00,4.89,5.52,6.7576242386690835
2025-11-01 08:00:00,13.49,4.89,6.29079279116245
2025-11-01 09:00:00,11.26,13.49,13.931009424662593
2025-11-01 10:00:00,12.21,11.26,12.005181530544206
2025-11-01 11:00:00,9.74,12.21,12.866555337700996
2025-11-01 12:00:00,6.93,9.74,10.824957907210786
2025-11-01 13:00:00,5.9,6.93,8.19520139775405
2025-11-01 14:00:00,10.44,5.9,7.250389404248411
2025-11-01 15:00:00,22.27,10.44,11.222307021247753
2025-11-01 16:00:00,16.29,22.27,21.64255998365355
2025-11-01 17:00:00,13.99,16.29,16.33757979896022
2025-11-01 18:00:00,22.46,13.99,14.321740607710156
2025-11-01 19:00:00,16.42,22.46,21.829419283660652
2025-11-01 20:00:00,12.86,16.42,16.583723271075105
2025-11-01 21:00:00,16.44,12.86,13.525283183281921
2025-11-01 22:00:00,18.5,16.44,16.695199464467084
2025-11-01 23:00:00,14.69,18.5,18.559322698833512
2025-11-02 00:00:00,11.51,14.69,15.270322734962463
2025-11-02 01:00:00,9.26,11.51,12.379679652838844
2025-11-02 02:00:00,7.46,9.26,10.42020031581626
2025-11-02 03:00:00,7.24,7.46,8.881218581194851
2025-11-02 04:00:00,14.15,7.24,8.615502728689389
2025-11-02 05:00:00,11.0,14.15,14.643615312290283
2025-11-02 06:00:00,9.43,11.0,11.879892034026717
2025-11-02 07:00:00,11.49,9.43,10.478564110428511
2025-11-02 08:00:00,10.82,11.49,12.367308538781831
2025-11-02 09:00:00,11.96,10.82,11.793238298778693
2025-11-02 10:00:00,12.63,11.96,12.822573279712243
2025-11-02 11:00:00,11.36,12.63,13.516301414296532
2025-11-02 12:00:00,15.97,11.36,12.398881105783623
2025-11-02 13:00:00,12.96,15.97,16.470595975089545
2025-11-02 14:00:00,18.19,12.96,13.78166453278612
2025-11-02 15:00:00,22.5,18.19,18.361842906759758
2025-11-02 16:00:00,20.75,22.5,22.160166995623065
2025-11-02 17:00:00,15.62,20.75,20.69328879268797
2025-11-02 18:00:00,12.17,15.62,16.235871139045155
2025-11-02 19:00:00,8.99,12.17,13.099558467951459
2025-11-02 20:00:00,8.47,8.99,10.390022980008617
2025-11-02 21:00:00,7.45,8.47,9.976198576999979
2025-11-02 22:00:00,5.46,7.45,9.106288626548128
2025-11-02 23:00:00,4.26,5.46,7.25610658720886
2025-11-03 00:00:00,3.88,4.26,6.111005785177525
2025-11-03 01:00:00,6.88,3.88,5.603450383702937
2025-11-03 02:00:00,6.67,6.88,8.2975090088048
2025-11-03 03:00:00,9.45,6.67,8.167286932931418
2025-11-03 04:00:00,10.35,9.45,10.684390105473987
2025-11-03 05:00:00,9.08,10.35,11.522584000867155
2025-11-03 06:00:00,8.5,9.08,10.459209639395823
2025-11-03 07:00:00,8.97,8.5,9.921076870416421
2025-11-03 08:00:00,8.26,8.97,10.328638494723087
2025-11-03 09:00:00,6.45,8.26,9.690912785767432
2025-11-03 10:00:00,6.29,6.45,7.992417573191363
2025-11-03 11:00:00,5.57,6.29,7.911528418992905
2025-11-03 12:00:00,4.49,5.57,7.282978811116374
2025-11-03 13:00:00,4.6,4.49,6.235159547940448
2025-11-03 14:00:00,5.95,4.6,6.30091333589152
2025-11-03 15:00:00,8.44,5.95,7.45343629669693
2025-11-03 16:00:00,6.5,8.44,9.626890310208342
2025-11-03 17:00:00,4.74,6.5,7.815082344106004
2025-11-03 18:00:00,5.12,4.74,6.281571148218823
2025-11-03 19:00:00,15.63,5.12,6.29661919127636
2025-11-03 20:00:00,12.83,15.63,15.640749097512941
2025-11-03 21:00:00,10.82,12.83,13.190447406724171
2025-11-03 22:00:00,8.36,10.82,11.40279342627256
2025-11-03 23:00:00,6.25,8.36,9.220231930547591
2025-11-04 00:00:00,5.84,6.25,7.3685894938231655
2025-11-04 01:00:00,5.92,5.84,6.901994555540096
2025-11-04 02:00:00,6.05,5.92,7.025172461640759
2025-11-04 03:00:00,10.81,6.05,7.139363751435283
2025-11-04 04:00:00,12.93,10.81,11.368554722831721
2025-11-04 05:00:00,10.37,12.93,13.27301522117624
2025-11-04 06:00:00,12.07,10.37,11.103660296749961
2025-11-04 07:00:00,10.2,12.07,12.558238814158093
2025-11-04 08:00:00,8.21,10.2,11.078204432269985
2025-11-04 09:00:00,9.95,8.21,9.459359874369866
2025-11-04 10:00:00,8.29,9.95,11.057354520794107
2025-11-04 11:00:00,10.33,8.29,9.727912162490034
2025-11-04 12:00:00,11.35,10.33,11.516593746382648
2025-11-04 13:00:00,8.92,11.35,12.325205392554926
2025-11-04 14:00:00,11.18,8.92,10.248455775846221
2025-11-04 15:00:00,13.19,11.18,12.229302154985728
2025-11-04 16:00:00,11.89,13.19,13.961077772127517
2025-11-04 17:00:00,8.64,11.89,12.807683447257945
2025-11-04 18:00:00,8.16,8.64,9.876219479297646
2025-11-04 19:00:00,6.85,8.16,9.344861072003383
2025-11-04 20:00:00,6.22,6.85,8.21169326560023
2025-11-04 21:00:00,5.6,6.22,7.637641296829736
2025-11-04 22:00:00,8.72,5.6,7.132899924626296
2025-11-04 23:00:00,6.67,8.72,9.86058248869012
2025-11-05 00:00:00,6.45,6.67,8.031161396123107
2025-11-05 01:00:00,5.83,6.45,7.695454343148317
2025-11-05 02:00:00,6.07,5.83,7.119867645263526
2025-11-05 03:00:00,13.6,6.07,7.390682582827491
2025-11-05 04:00:00,13.62,13.6,14.095132694798687
2025-11-05 05:00:00,11.95,13.62,14.035436307748789
2025-11-05 06:00:00,16.63,11.95,12.568616991942237
2025-11-05 07:00:00,15.38,16.63,16.848015590859646
2025-11-05 08:00:00,13.18,15.38,15.812627072537094
2025-11-05 09:00:00,16.94,13.18,13.964554924529681
2025-11-05 10:00:00,14.95,16.94,17.351467897234095
2025-11-05 11:00:00,11.5,14.95,15.668712354866177
2025-11-05 12:00:00,17.3,11.5,12.651910023842893
2025-11-05 13:00:00,16.51,17.3,17.777734290730812
2025-11-05 14:00:00,19.41,16.51,17.10000810694924
2025-11-05 15:00:00,14.77,19.41,19.683775521882488
2025-11-05 16:00:00,16.8,14.77,15.570167943866778
2025-11-05 17:00:00,19.98,16.8,17.099996586305448
2025-11-05 18:00:00,18.14,19.98,19.95094400988043
2025-11-05 19:00:00,14.98,18.14,18.280991997375512
2025-11-05 20:00:00,21.67,14.98,15.549693487435619
2025-11-05 21:00:00,20.41,21.67,21.474619184945634
2025-11-05 22:00:00,19.53,20.41,20.355806020819895
2025-11-05 23:00:00,16.29,19.53,19.61614492837935
2025-11-06 00:00:00,23.74,16.29,16.656711248806854
2025-11-06 01:00:00,19.51,23.74,23.276477047997393
2025-11-06 02:00:00,30.99,19.51,19.545861166798698
2025-11-06 03:00:00,34.91,30.99,29.66884561447536
2025-11-06 04:00:00,30.94,34.91,33.173251450428864
2025-11-06 05:00:00,24.69,30.94,29.734826560079437
2025-11-06 06:00:00,26.83,24.69,24.242567761535888
2025-11-06 07:00:00,27.5,26.83,26.261371146158293
2025-11-06 08:00:00,25.73,27.5,27.0162193761062
2025-11-06 09:00:00,26.53,25.73,25.65042850083214
2025-11-06 10:00:00,24.56,26.53,26.486000884564834
2025-11-06 11:00:00,20.05,24.56,24.82904786418145
2025-11-06 12:00:00,22.01,20.05,20.904142756567815
2025-11-06 13:00:00,24.99,22.01,22.70343086487502
2025-11-06 14:00:00,34.04,24.99,25.35855120981244
2025-11-06 15:00:00,35.53,34.04,33.405262615573875
2025-11-06 16:00:00,45.48,35.53,34.81334748680858
2025-11-06 17:00:00,48.28,45.48,43.41050885179196
2025-11-06 18:00:00,41.2,48.28,45.884651114887376
2025-11-06 19:00:00,39.71,41.2,39.6630785042738
2025-11-06 20:00:00,52.41,39.71,38.43546058072144
2025-11-06 21:00:00,54.83,52.41,49.632835361406734
2025-11-06 22:00:00,50.03,54.83,51.82996379928245
2025-11-06 23:00:00,53.52,50.03,47.64966103125853
2025-11-07 00:00:00,50.94,53.52,50.85188468163443
2025-11-07 01:00:00,52.26,50.94,48.63792140835562
2025-11-07 02:00:00,51.13,52.26,49.98034203604068
2025-11-07 03:00:00,50.13,51.13,49.04809254240594
2025-11-07 04:00:00,45.42,50.13,48.246122217521574
2025-11-07 05:00:00,34.32,45.42,44.142593145801285
2025-11-07 06:00:00,33.55,34.32,34.3647359103623
2025-11-07 07:00:00,27.16,33.55,33.70839901859064
2025-11-07 08:00:00,37.69,27.16,28.145844705195564
2025-11-07 09:00:00,47.12,37.69,37.61874910292063
2025-11-07 10:00:00,49.9,47.12,46.05073061422296
2025-11-07 11:00:00,37.79,49.9,48.58078358862723
2025-11-07 12:00:00,43.04,37.79,37.822951314576315
2025-11-07 13:00:00,43.42,43.04,42.52090705369625
2025-11-07 14:00:00,38.54,43.42,42.8819117991289
2025-11-07 15:00:00,44.95,38.54,38.67320924167852
2025-11-07 16:00:00,32.37,44.95,44.35497538389602
2025-11-07 17:00:00,31.74,32.37,33.171245091628535
2025-11-07 18:00:00,25.22,31.74,32.45235725256578
2025-11-07 19:00:00,21.09,25.22,26.69050428151155
2025-11-07 20:00:00,29.47,21.09,23.018282445219544
2025-11-07 21:00:00,21.59,29.47,30.333662583703195
2025-11-07 22:00:00,21.3,21.59,23.279999305608396
2025-11-07 23:00:00,17.0,21.3,22.764305565192736
2025-11-08 00:00:00,21.1,17.0,18.88253584454577
2025-11-08 01:00:00,16.76,21.1,22.397132019670224
2025-11-08 02:00:00,20.5,16.76,18.45141115870955
2025-11-08 03:00:00,24.09,20.5,21.61893884569074
2025-11-08 04:00:00,29.42,24.09,24.617020402215637
2025-11-08 05:00:00,27.85,29.42,29.262004291846555
2025-11-08 06:00:00,26.38,27.85,27.858153314519736
2025-11-08 07:00:00,25.65,26.38,26.55389272050389
2025-11-08 08:00:00,20.52,25.65,26.000437544888882
2025-11-08 09:00:00,29.55,20.52,21.522862421472897
2025-11-08 10:00:00,20.8,29.55,29.436234440088093
2025-11-08 11:00:00,16.13,20.8,21.77374886401747
2025-11-08 12:00:00,19.34,16.13,17.46445583785726
2025-11-08 13:00:00,15.32,19.34,20.215002073312263
2025-11-08 14:00:00,12.99,15.32,16.8507956915606
2025-11-08 15:00:00,20.31,12.99,14.753801690645663
2025-11-08 16:00:00,22.47,20.31,21.017412628966852
2025-11-08 17:00:00,22.85,22.47,22.817114578394364
2025-11-08 18:00:00,25.96,22.85,22.993607006696656
2025-11-08 19:00:00,25.05,25.96,25.635779876141324
2025-11-08 20:00:00,22.86,25.05,24.84516485822462
2025-11-08 21:00:00,23.06,22.86,22.78260275080675
2025-11-08 22:00:00,27.2,23.06,22.909608075695125
2025-11-08 23:00:00,25.65,27.2,26.558216254325078
2025-11-09 00:00:00,34.13,25.65,25.227414282936664
2025-11-09 01:00:00,25.13,34.13,32.74090823123581
2025-11-09 02:00:00,30.15,25.13,24.840406129750498
2025-11-09 03:00:00,37.25,30.15,29.304328922576143
2025-11-09 04:00:00,33.0,37.25,35.608460933138765
2025-11-09 05:00:00,24.84,33.0,31.850299908220244
2025-11-09 06:00:00,32.98,24.84,24.676065475939833
2025-11-09 07:00:00,29.2,32.98,31.861748591643504
2025-11-09 08:00:00,32.61,29.2,28.558661151991476
2025-11-09 09:00:00,28.51,32.61,31.679492824590586
2025-11-09 10:00:00,35.72,28.51,28.13987723252405
2025-11-09 11:00:00,26.4,35.72,34.66900832995068
2025-11-09 12:00:00,20.13,26.4,26.5452954680761
2025-11-09 13:00:00,14.36,20.13,20.951351192224767
2025-11-09 14:00:00,13.0,14.36,16.116274697208468
2025-11-09 15:00:00,23.81,13.0,14.86828217855236
2025-11-09 16:00:00,19.77,23.81,24.21584927514122
2025-11-09 17:00:00,14.8,19.77,20.681048664605665
2025-11-09 18:00:00,11.53,14.8,16.256090827689334
2025-11-09 19:00:00,10.31,11.53,13.108715813218097
2025-11-09 20:00:00,16.94,10.31,11.957044104647942
2025-11-09 21:00:00,26.96,16.94,17.761144174828353
2025-11-09 22:00:00,29.25,26.96,26.55248594269334
2025-11-09 23:00:00,22.27,29.25,28.587926040665927
2025-11-10 00:00:00,22.91,22.27,22.423853297426504
2025-11-10 01:00:00,18.04,22.91,22.888068421141973
2025-11-10 02:00:00,30.62,18.04,18.715380829765884
2025-11-10 03:00:00,36.02,30.62,29.777330820832056
2025-11-10 04:00:00,34.16,36.02,34.50617788167342
2025-11-10 05:00:00,25.1,34.16,32.907563556278085
2025-11-10 06:00:00,22.13,25.1,24.991312327856686
2025-11-10 07:00:00,17.18,22.13,22.389632961766942
2025-11-10 08:00:00,12.91,17.18,18.165862801382712
2025-11-10 09:00:00,16.45,12.91,14.415830018534898
2025-11-10 10:00:00,12.45,16.45,17.54695068816448
2025-11-10 11:00:00,9.38,12.45,14.095981081772138
2025-11-10 12:00:00,8.04,9.38,11.504411766260699
2025-11-10 13:00:00,8.94,8.04,10.25579871144949
2025-11-10 14:00:00,10.19,8.94,11.059827377946952
2025-11-10 15:00:00,11.1,10.19,12.177751220219719
2025-11-10 16:00:00,17.94,11.1,12.889986582630483
2025-11-10 17:00:00,12.89,17.94,18.841974719234052
2025-11-10 18:00:00,10.89,12.89,14.39740182839339
2025-11-10 19:00:00,11.22,10.89,12.406727223024033
2025-11-10 20:00:00,12.51,11.22,12.778615756384472
2025-11-10 21:00:00,11.84,12.51,13.96681586173151
2025-11-10 22:00:00,10.01,11.84,13.274929373257415
2025-11-10 23:00:00,13.11,10.01,11.599304400488123
2025-11-11 00:00:00,9.73,13.11,14.250511497510455
2025-11-11 01:00:00,7.98,9.73,11.115400733416452
2025-11-11 02:00:00,7.53,7.98,9.595104261576662
2025-11-11 03:00:00,13.22,7.53,9.20771917338321
2025-11-11 04:00:00,22.91,13.22,14.179455354541846
2025-11-11 05:00:00,18.81,22.91,22.661474904371033
2025-11-11 06:00:00,14.64,18.81,19.058482202557943
2025-11-11 07:00:00,21.21,14.64,15.271402086417883
2025-11-11 08:00:00,17.16,21.21,21.13209176946049
2025-11-11 09:00:00,15.44,17.16,17.65918789607277
2025-11-11 10:00:00,12.65,15.44,16.10922879001719
2025-11-11 11:00:00,13.87,12.65,13.670975071071975
2025-11-11 12:00:00,20.03,13.87,14.839328695836677
2025-11-11 13:00:00,16.93,20.03,20.409356899052685
2025-11-11 14:00:00,19.51,16.93,17.75757840143156
2025-11-11 15:00:00,23.74,19.51,20.14253128532697
2025-11-11 16:00:00,26.39,23.74,23.915052602074187
2025-11-11 17:00:00,19.61,26.39,25.97278270150451
2025-11-11 18:00:00,15.86,19.61,20.0320120793172
2025-11-11 19:00:00,15.54,15.86,16.634608698819093
2025-11-11 20:00:00,11.3,15.54,16.33984111306455
2025-11-11 21:00:00,9.21,11.3,12.682910823584118
2025-11-11 22:00:00,12.3,9.21,10.891016394063765
2025-11-11 23:00:00,8.95,12.3,13.70874577696683
2025-11-12 00:00:00,6.97,8.95,10.748541680359555
2025-11-12 01:00:00,8.82,6.97,8.995652217223945
2025-11-12 02:00:00,8.24,8.82,10.661303314543256
2025-11-12 03:00:00,27.58,8.24,10.186165175909203
2025-11-12 04:00:00,19.48,27.58,27.346258764857335
2025-11-12 05:00:00,14.2,19.48,20.230173929538896
2025-11-12 06:00:00,11.29,14.2,15.592625543799711
2025-11-12 07:00:00,13.38,11.29,12.84707170328794
2025-11-12 08:00:00,12.67,13.38,14.875058080839704
2025-11-12 09:00:00,10.34,12.67,14.318849352457521
2025-11-12 10:00:00,16.18,10.34,12.319270705921026
2025-11-12 11:00:00,23.27,16.18,17.497716417665075
2025-11-12 12:00:00,18.52,23.27,23.777163909637604
2025-11-12 13:00:00,20.49,18.52,19.619262753560577
2025-11-12 14:00:00,29.67,20.49,21.362674806327362
2025-11-12 15:00:00,31.43,29.67,29.463204029541505
2025-11-12 16:00:00,29.69,31.43,30.95564900424096
2025-11-12 17:00:00,33.07,29.69,29.13811940810902
2025-11-12 18:00:00,25.59,33.07,32.17909566690662
2025-11-12 19:00:00,25.75,25.59,25.655541184153883
2025-11-12 20:00:00,29.18,25.75,25.757662429040337
2025-11-12 21:00:00,26.57,29.18,28.649453643822987
2025-11-12 22:00:00,26.3,26.57,26.30492912281418
2025-11-12 23:00:00,19.73,26.3,26.062750728687007
2025-11-13 00:00:00,22.9,19.73,20.36483640125771
2025-11-13 01:00:00,22.7,22.9,23.22394129055842
2025-11-13 02:00:00,16.08,22.7,23.237745094271528
2025-11-13 03:00:00,13.31,16.08,17.538481451937955
2025-11-13 04:00:00,17.01,13.31,15.105025195317708
2025-11-13 05:00:00,17.76,17.01,18.414161529465268
2025-11-13 06:00:00,13.21,17.76,19.0396171732867
2025-11-13 07:00:00,11.88,13.21,15.026914211993452
2025-11-13 08:00:00,15.88,11.88,13.971695825053038
2025-11-13 09:00:00,19.79,15.88,17.83686150432618
2025-11-13 10:00:00,20.5,19.79,21.41673159717108
2025-11-13 11:00:00,18.65,20.5,22.099534795814293
2025-11-13 12:00:00,18.96,18.65,20.357091552498254
2025-11-13 13:00:00,21.14,18.96,20.62515998559584
2025-11-13 14:00:00,38.21,21.14,22.62360768485758
2025-11-13 15:00:00,40.33,38.21,37.72788615376935
2025-11-13 16:00:00,46.02,40.33,39.463740726553766
2025-11-13 17:00:00,42.73,46.02,44.277890095397495
2025-11-13 18:00:00,53.23,42.73,41.372459899251254
2025-11-13 19:00:00,51.87,53.23,50.56269291548921
2025-11-13 20:00:00,55.18,51.87,49.51016439895251
2025-11-13 21:00:00,56.7,55.18,52.4112094500056
2025-11-13 22:00:00,54.08,56.7,53.692300154193134
2025-11-13 23:00:00,48.54,54.08,51.42957050415865
2025-11-14 00:00:00,50.25,48.54,46.56922724679755
2025-11-14 01:00:00,42.22,50.25,48.08649212010803
2025-11-14 02:00:00,43.89,42.22,41.029020101436586
2025-11-14 03:00:00,40.98,43.89,42.629275447691796
2025-11-14 04:00:00,29.42,40.98,40.159746183429945
2025-11-14 05:00:00,25.78,29.42,30.044865126949272
2025-11-14 06:00:00,32.57,25.78,26.84255039952837
2025-11-14 07:00:00,23.89,32.57,32.95374153950291
2025-11-14 08:00:00,20.48,23.89,25.510494331523226
2025-11-14 09:00:00,19.2,20.48,22.830136637973485
2025-11-14 10:00:00,25.37,19.2,22.07090057004233
2025-11-14 11:00:00,19.65,25.37,27.7664823368058
2025-11-14 12:00:00,19.5,19.65,22.74646536485332
2025-11-14 13:00:00,27.56,19.5,22.63814455071993
2025-11-14 14:00:00,26.69,27.56,29.730606321705892
2025-11-14 15:00:00,32.55,26.69,28.901524919567123
2025-11-14 16:00:00,36.64,32.55,33.82266622127152
2025-11-14 17:00:00,59.09,36.64,37.14235658513741
2025-11-14 18:00:00,50.36,59.09,57.03011748363198
2025-11-14 19:00:00,47.32,50.36,49.2997056026303
2025-11-14 20:00:00,44.27,47.32,46.5589330526938
2025-11-14 21:00:00,45.92,44.27,43.70018236535823
2025-11-14 22:00:00,49.1,45.92,44.888135136529016
2025-11-14 23:00:00,45.68,49.1,47.46121633774389
2025-11-15 00:00:00,42.64,45.68,44.30649062325095
2025-11-15 01:00:00,40.62,42.64,41.515094118443315
2025-11-15 02:00:00,44.82,40.62,39.70871166955894
2025-11-15 03:00:00,52.84,44.82,43.38863920457716
2025-11-15 04:00:00,42.02,52.84,50.56192777749055
2025-11-15 05:00:00,38.08,42.02,41.18127549094007
2025-11-15 06:00:00,32.0,38.08,37.83384662057878
2025-11-15 07:00:00,32.97,32.0,32.64718154213283
2025-11-15 08:00:00,24.57,32.97,33.63635618672787
2025-11-15 09:00:00,25.09,24.57,26.496471544868815
2025-11-15 10:00:00,27.29,25.09,27.066226756810174
2025-11-15 11:00:00,20.49,27.29,29.049450809189242
2025-11-15 12:00:00,19.55,20.49,23.07023011401258
2025-11-15 13:00:00,32.24,19.55,22.26223282232672
2025-11-15 14:00:00,37.11,32.24,33.53858095209051
2025-11-15 15:00:00,51.32,37.11,37.894949955978134
2025-11-15 16:00:00,73.42,51.32,50.34803255901184
2025-11-15 17:00:00,79.8,73.42,69.64476824047425
2025-11-15 18:00:00,78.53,79.8,75.2476679722281
2025-11-15 19:00:00,75.34,78.53,74.0578693100328
2025-11-15 20:00:00,72.09,75.34,71.21053299688586
2025-11-15 21:00:00,74.71,72.09,68.42302590289957
2025-11-15 22:00:00,64.22,74.71,70.8081048305809
2025-11-15 23:00:00,64.89,64.22,61.56249803740501
2025-11-16 00:00:00,59.53,64.89,62.13586719802922
2025-11-16 01:00:00,51.78,59.53,57.45741539013963
2025-11-16 02:00:00,53.57,51.78,50.66808024660287
2025-11-16 03:00:00,46.02,53.57,52.375191718737796
2025-11-16 04:00:00,46.69,46.02,45.75305779246112
2025-11-16 05:00:00,39.2,46.69,46.44052257314527
2025-11-16 06:00:00,40.2,39.2,39.87065960379796
2025-11-16 07:00:00,40.84,40.2,40.6982033305426
2025-11-16 08:00:00,41.01,40.84,41.33447151345787
2025-11-16 09:00:00,49.3,41.01,41.50039648199832
2025-11-16 10:00:00,40.89,49.3,48.93955160363578
2025-11-16 11:00:00,39.85,40.89,41.6987359065825
2025-11-16 12:00:00,35.93,39.85,41.027906114044555
2025-11-16 13:00:00,41.58,35.93,37.70838298219101
2025-11-16 14:00:00,42.5,41.58,42.7691492160221
2025-11-16 15:00:00,51.16,42.5,43.621862233611736
2025-11-16 16:00:00,59.85,51.16,51.173740328918996
2025-11-16 17:00:00,51.94,59.85,58.497223133530355
2025-11-16 18:00:00,48.64,51.94,51.33998859751132
2025-11-16 19:00:00,53.08,48.64,48.24843369609982
2025-11-16 20:00:00,63.8,53.08,52.13554912090406
2025-11-16 21:00:00,69.31,63.8,61.504946825975054
2025-11-16 22:00:00,70.85,69.31,66.24221966656727
2025-11-16 23:00:00,58.81,70.85,67.61849431241596
2025-11-17 00:00:00,68.67,58.81,56.96297566261484
2025-11-17 01:00:00,59.3,68.67,65.56989802099993
2025-11-17 02:00:00,63.37,59.3,57.33541429413572
2025-11-17 03:00:00,66.74,63.37,60.98285838362017
2025-11-17 04:00:00,59.61,66.74,63.99714666209242
2025-11-17 05:00:00,53.91,59.61,57.78563706311614
2025-11-17 06:00:00,52.1,53.91,52.81353025361149
2025-11-17 07:00:00,53.89,52.1,51.232286132256576
2025-11-17 08:00:00,60.38,53.89,52.979169921038235
2025-11-17 09:00:00,63.8,60.38,58.83926907669739
2025-11-17 10:00:00,70.24,63.8,62.00405023225383
2025-11-17 11:00:00,50.76,70.24,67.90588687963563
2025-11-17 12:00:00,54.49,50.76,50.875903201641975
2025-11-17 13:00:00,42.61,54.49,54.20532017923955
2025-11-17 14:00:00,48.58,42.61,43.75708952930131
2025-11-17 15:00:00,43.63,48.58,49.09405647740567
2025-11-17 16:00:00,44.37,43.63,44.597178840499325
2025-11-17 17:00:00,38.13,44.37,45.07069597246449
2025-11-17 18:00:00,36.1,38.13,39.42241384695231
2025-11-17 19:00:00,33.01,36.1,37.28643616419019
2025-11-17 20:00:00,35.98,33.01,34.521132789997935
2025-11-17 21:00:00,38.88,35.98,37.081805198930994
2025-11-17 22:00:00,35.6,38.88,39.51287861442397
2025-11-17 23:00:00,29.72,35.6,36.480269111633305
2025-11-18 00:00:00,29.9,29.72,31.17466310651331
2025-11-18 01:00:00,22.5,29.9,31.226139410548154
2025-11-18 02:00:00,21.03,22.5,24.55495645457366
2025-11-18 03:00:00,24.55,21.03,23.121297116008215
2025-11-18 04:00:00,25.36,24.55,26.08843875736358
2025-11-18 05:00:00,18.94,25.36,26.69322130645604
2025-11-18 06:00:00,15.77,18.94,20.949526895666263
2025-11-18 07:00:00,11.16,15.77,17.998623137653418
2025-11-18 08:00:00,8.75,11.16,13.858305359788083
2025-11-18 09:00:00,8.74,8.75,11.713873344131223
2025-11-18 10:00:00,13.06,8.74,11.709002407407505
2025-11-18 11:00:00,13.59,13.06,15.32090070914454
2025-11-18 12:00:00,11.32,13.59,15.621594011218166
2025-11-18 13:00:00,9.45,11.32,13.434559822795563
2025-11-18 14:00:00,7.86,9.45,11.714342309422095
2025-11-18 15:00:00,5.69,7.86,10.051480072159453
2025-11-18 16:00:00,5.51,5.69,7.957925790907426
2025-11-18 17:00:00,4.29,5.51,7.705087216187202
2025-11-18 18:00:00,3.61,4.29,6.530138252360252
2025-11-18 19:00:00,4.07,3.61,5.908662457894735
2025-11-18 20:00:00,3.43,4.07,6.168436769856751
2025-11-18 21:00:00,4.0,3.43,5.4703000941397235
2025-11-18 22:00:00,10.49,4.0,5.886856320663554
2025-11-18 23:00:00,7.59,10.49,11.498555563391061
2025-11-19 00:00:00,6.33,7.59,8.871763570741303
2025-11-19 01:00:00,5.03,6.33,7.765440340564918
2025-11-19 02:00:00,3.7,5.03,6.6491959838754795
2025-11-19 03:00:00,4.31,3.7,5.449448402262281
2025-11-19 04:00:00,4.73,4.31,6.007612460613565
2025-11-19 05:00:00,5.64,4.73,6.481615693690417
2025-11-19 06:00:00,12.29,5.64,7.354468421706462
2025-11-19 07:00:00,16.8,12.29,13.20477207603728
2025-11-19 08:00:00,13.13,16.8,17.17033845687089
2025-11-19 09:00:00,11.23,13.13,14.187093246473538
2025-11-19 10:00:00,10.29,11.23,12.703587560030218
2025-11-19 11:00:00,11.74,10.29,11.801562973261527
2025-11-19 12:00:00,18.02,11.74,13.141524832134273
2025-11-19 13:00:00,17.16,18.02,18.271062119269825
2025-11-19 14:00:00,13.15,17.16,17.757137810472557
2025-11-19 15:00:00,13.08,13.15,14.287538278358799
2025-11-19 16:00:00,17.75,13.08,14.140423645685697
2025-11-19 17:00:00,16.55,17.75,17.9997290203163
2025-11-19 18:00:00,13.5,16.55,16.928631709643835
2025-11-19 19:00:00,12.75,13.5,14.376463360628783
2025-11-19 20:00:00,18.55,12.75,13.740962235998838
2025-11-19 21:00:00,21.91,18.55,18.851498537997827
2025-11-19 22:00:00,22.54,21.91,21.857592138310636
2025-11-19 23:00:00,17.85,22.54,22.464772824892844
2025-11-20 00:00:00,23.98,17.85,18.371461156467277
2025-11-20 01:00:00,18.76,23.98,23.795102263460418
2025-11-20 02:00:00,25.58,18.76,19.209084163001144
2025-11-20 03:00:00,29.64,25.58,25.353004615977888
2025-11-20 04:00:00,21.51,29.64,29.105945721784785
2025-11-20 05:00:00,18.69,21.51,22.057911846278248
2025-11-20 06:00:00,13.67,18.69,19.64772327017103
2025-11-20 07:00:00,16.16,13.67,15.100537888543673
2025-11-20 08:00:00,18.09,16.16,17.48844605940412
2025-11-20 09:00:00,22.18,18.09,19.644818499302797
2025-11-20 10:00:00,20.17,22.18,23.297075400399848
2025-11-20 11:00:00,18.25,20.17,21.514479451763716
2025-11-20 12:00:00,14.54,18.25,19.798313812795193
2025-11-20 13:00:00,21.25,14.54,16.594342217831322
2025-11-20 14:00:00,23.61,21.25,22.60074246375748
2025-11-20 15:00:00,40.02,23.61,24.714276829564454
2025-11-20 16:00:00,34.03,40.02,39.164311608269216
2025-11-20 17:00:00,34.63,34.03,33.62662981990664
2025-11-20 18:00:00,37.25,34.63,34.20537334639974
2025-11-20 19:00:00,28.47,37.25,36.43482653442484
2025-11-20 20:00:00,28.54,28.47,28.585183122617906
2025-11-20 21:00:00,24.5,28.54,28.60557137178352
2025-11-20 22:00:00,28.39,24.5,25.1426073247335
2025-11-20 23:00:00,24.72,28.39,28.93293490259931
2025-11-21 00:00:00,27.18,24.72,25.674908066203972
2025-11-21 01:00:00,31.36,27.18,27.738994520865894
2025-11-21 02:00:00,33.63,31.36,31.518172498344253
2025-11-21 03:00:00,33.96,33.63,33.57309836983073
2025-11-21 04:00:00,35.99,33.96,33.95802409704615
2025-11-21 05:00:00,26.23,35.99,35.851598407790874
2025-11-21 06:00:00,28.85,26.23,27.247967964426387
2025-11-21 07:00:00,21.01,28.85,29.350896534599848
2025-11-21 08:00:00,17.33,21.01,22.58879962189033
2025-11-21 09:00:00,12.78,17.33,19.769280608923815
2025-11-21 10:00:00,15.12,12.78,15.881411620425705
2025-11-21 11:00:00,11.27,15.12,17.886838033916025
2025-11-21 12:00:00,15.25,11.27,14.402306974580464
2025-11-21 13:00:00,25.07,15.25,17.99096734732141
2025-12-27 09:00:00,32.33,25.07,26.353389607085816
2025-12-27 10:00:00,60.63,32.33,32.923025099845134
2025-12-27 11:00:00,56.53,60.63,58.05676203513471
2025-12-27 12:00:00,49.97,56.53,54.531463550712914
2025-12-27 13:00:00,50.6,49.97,48.755842110833854
2025-12-27 14:00:00,49.28,50.6,49.34571040627861
2025-12-27 15:00:00,44.37,49.28,48.27364445422873
2025-12-27 16:00:00,46.34,44.37,43.97122197750575
2025-12-27 17:00:00,45.39,46.34,45.374129113735435
2025-12-27 18:00:00,46.36,45.39,44.455799919814325
2025-12-27 19:00:00,52.52,46.36,45.29339383644087
2025-12-27 20:00:00,57.01,52.52,50.7078150300476
2025-12-27 21:00:00,62.81,57.01,54.75957156279647
2025-12-27 22:00:00,65.44,62.81,59.92365729491999
2025-12-27 23:00:00,60.81,65.44,62.31986113692345
2025-12-28 00:00:00,55.59,60.81,58.214609300665614
2025-12-28 01:00:00,51.44,55.59,53.658613707405735
2025-12-28 02:00:00,49.74,51.44,50.051997991037865
2025-12-28 03:00:00,57.2,49.74,48.65094150620507
2026-01-13 09:00:00,56.45,57.2,55.43868997115126
2026-01-13 10:00:00,110.75,56.45,55.2825894948207
2026-01-13 15:00:00,91.89,110.75,104.02592712795368
2026-01-13 16:00:00,85.23,91.89,87.64778123405775
2026-01-13 17:00:00,74.72,85.23,81.63439854236019
2026-01-13 18:00:00,67.5,74.72,72.4925225137285
2026-01-13 19:00:00,69.75,67.5,66.23001123139838
2026-01-13 20:00:00,69.84,69.75,68.24710856697311
2026-01-13 21:00:00,66.15,69.84,68.18114764540444
2026-01-13 22:00:00,66.79,66.15,64.74519119763684
2026-01-13 23:00:00,66.89,66.79,65.25994242418017
2026-01-14 00:00:00,71.01,66.89,65.32885683094865
2026-01-14 01:00:00,72.94,71.01,68.93771712545531
2026-01-14 02:00:00,70.63,72.94,70.61931115681018
2026-01-14 03:00:00,48.29,70.63,68.614711961255
2026-01-14 04:00:00,1.15,48.29,48.904892689157876
2026-01-14 05:00:00,33.55,1.15,7.156369505888737
2026-01-14 06:00:00,104.9,33.55,35.641742180301165
2026-01-14 07:00:00,82.6,104.9,98.66976465716894
2026-01-14 08:00:00,78.2,82.6,79.23779715786635
2026-01-14 09:00:00,71.42,78.2,75.60737109950472
2026-01-14 15:00:00,71.26,71.42,70.41786535991035
2026-01-14 16:00:00,68.68,71.26,70.31749222808152
2026-01-14 17:00:00,71.73,68.68,68.03344424289442
2026-01-14 18:00:00,77.95,71.73,70.54488489120949
2026-01-14 19:00:00,77.32,77.95,75.91976223979253
2026-01-14 20:00:00,80.83,77.32,75.20373869107601
2026-01-14 21:00:00,84.06,80.83,78.10496088394262
2026-01-14 22:00:00,87.09,84.06,80.87364041181814
2026-01-14 23:00:00,83.46,87.09,83.45698137804963
2026-01-15 00:00:00,91.73,83.46,80.23243518798738
2026-01-15 01:00:00,91.05,91.73,87.56356601078188
2026-01-15 02:00:00,93.86,91.05,87.08408516331535
2026-01-15 03:00:00,92.68,93.86,89.65181695795737
2026-01-15 04:00:00,95.65,92.68,88.66757109785732
2026-01-15 05:00:00,99.33,95.65,91.4102708584094
2026-01-15 06:00:00,98.26,99.33,94.77403080501351
2026-01-15 07:00:00,90.51,98.26,93.92027151601252
2026-01-15 08:00:00,88.97,90.51,87.17379243116827
2026-01-15 09:00:00,85.25,88.97,85.97073254383726
2026-01-15 10:00:00,84.91,85.25,83.19594873870172
2026-01-15 15:00:00,88.93,84.91,83.32850582041253
2026-01-15 16:00:00,91.53,88.93,86.73754526675629
2026-01-15 17:00:00,90.1,91.53,89.00833551930484
2026-01-15 18:00:00,96.93,90.1,87.68243036665967
2026-01-15 19:00:00,99.83,96.93,93.71344913065595
2026-01-15 20:00:00,101.21,99.83,96.36338304038665
2026-01-15 21:00:00,98.89,101.21,97.50863222799953
2026-01-15 22:00:00,91.17,98.89,95.47785405573404
2026-01-15 23:00:00,90.67,91.17,88.66597329704365
2026-01-16 00:00:00,90.04,90.67,88.22054971460062
2026-01-16 01:00:00,89.77,90.04,87.63839990926878
2026-01-16 02:00:00,85.61,89.77,87.38901190474043
2026-01-16 03:00:00,77.56,85.61,83.68498437530735
2026-01-16 04:00:00,65.21,77.56,76.56764809906323
2026-01-16 05:00:00,52.9,65.21,65.59113897220023
2026-01-16 06:00:00,50.5,52.9,54.611104653071536
2026-01-16 07:00:00,44.08,50.5,52.37969022391809
2026-01-16 14:00:00,36.66,44.08,47.529870395722696
2026-01-16 15:00:00,32.96,36.66,40.83835758743882
2026-01-16 16:00:00,34.33,32.96,37.36216831946939
2026-01-16 17:00:00,36.78,34.33,38.281978453820074
2026-01-16 18:00:00,40.78,36.78,40.06564801508124
2026-01-16 19:00:00,35.02,40.78,43.21745039772965
2026-01-16 20:00:00,38.7,35.02,37.95211921775889
2026-01-16 21:00:00,34.31,38.7,40.885973266222024
2026-01-16 22:00:00,31.29,34.31,36.64772795378704
2026-01-16 23:00:00,25.67,31.29,33.67800923111328
2026-01-17 00:00:00,26.76,25.67,28.48373555991704
2026-01-17 01:00:00,28.48,26.76,29.141368483906678
2026-01-17 02:00:00,35.57,28.48,30.419586878497057
2026-01-17 03:00:00,35.3,35.57,36.47921197846651
2026-01-17 04:00:00,37.46,35.3,36.029143862897826
2026-01-17 05:00:00,34.48,37.46,37.78447330860966
2026-01-17 06:00:00,41.59,34.48,34.97357568223617
2026-01-17 07:00:00,33.07,41.59,41.025199692472086
2026-01-17 08:00:00,32.78,33.07,33.34625241105621
2026-01-17 09:00:00,31.71,32.78,32.9127727217103
2026-01-18 20:00:00,39.95,31.71,32.20936010412113
2026-01-18 21:00:00,34.83,39.95,39.22767930542082
2026-01-18 22:00:00,38.59,34.83,34.518701098415384
2026-01-18 23:00:00,39.72,38.59,37.73919027626091
2026-01-19 00:00:00,41.24,39.72,38.72406436808242
2026-01-19 01:00:00,33.93,41.24,40.03711871000445
2026-01-19 02:00:00,36.06,33.93,33.601656653732086
2026-01-19 03:00:00,37.29,36.06,35.48666511423117
2026-01-19 04:00:00,41.05,37.29,36.57259871632763
2026-01-19 05:00:00,49.91,41.05,39.88623665298772
2026-01-19 06:00:00,47.62,49.91,47.747560580222384
2026-01-19 07:00:00,42.79,47.62,45.73825887328651
2026-01-19 14:00:00,30.73,42.79,42.559991192050575
2026-01-19 15:00:00,31.05,30.73,31.95278548274665
2026-01-19 16:00:00,29.82,31.05,32.20693510445777
2026-01-19 17:00:00,33.84,29.82,30.9532158930417
2026-01-19 18:00:00,37.24,33.84,34.39584572113942
2026-01-19 19:00:00,33.91,37.24,37.23589633510359
2026-01-19 20:00:00,30.46,33.91,34.13664431630659
2026-01-19 21:00:00,31.57,30.46,30.887472461692816
2026-01-19 22:00:00,32.67,31.57,31.722399673805302
2026-01-19 23:00:00,25.9,32.67,32.60976175919082
2026-01-20 00:00:00,23.51,25.9,26.59273041258814
2026-01-20 01:00:00,22.5,23.51,24.438402538115778
2026-01-20 02:00:00,28.11,22.5,23.51571798182653
2026-01-20 03:00:00,25.97,28.11,28.42139224719724
2026-01-20 04:00:00,27.93,25.97,26.507121527992073
2026-01-20 05:00:00,30.47,27.93,28.17219465629699
2026-01-20 06:00:00,30.77,30.47,30.49205211624141
2026-01-20 07:00:00,31.3,30.77,30.64195555713529
2026-01-20 15:00:00,26.33,31.3,31.9391856834112
2026-01-20 16:00:00,25.24,26.33,27.506960016065936
2026-01-20 17:00:00,22.23,25.24,26.35335668839217
2026-01-20 18:00:00,25.56,22.23,23.376325205675823
2026-01-20 19:00:00,23.24,25.56,26.066232408092866
2026-01-20 20:00:00,27.27,23.24,23.89067138621716
2026-01-20 21:00:00,24.32,27.27,27.34211956172854
2026-01-20 22:00:00,27.65,24.32,24.671147797001307
2026-01-20 23:00:00,25.49,27.65,27.544306592855914
2026-01-21 00:00:00,27.07,25.49,25.657941048583112
2026-01-21 01:00:00,28.73,27.07,27.023122531443367
2026-01-21 02:00:00,28.73,28.73,28.561410476905756
2026-01-21 03:00:00,24.83,28.73,28.467838894392834
2026-01-21 04:00:00,26.92,24.83,25.10253585763927
2026-01-21 05:00:00,25.52,26.92,26.802181489176586
2026-01-21 06:00:00,31.77,25.52,25.65218675013389
2026-01-21 07:00:00,25.61,31.77,31.730897403019966
2026-01-21 14:00:00,16.11,25.61,26.73103623622772
2026-01-21 15:00:00,17.74,16.11,18.299692791909266
2026-01-21 16:00:00,15.69,17.74,19.67983694503686
2026-01-21 17:00:00,13.3,15.69,17.792630649260026
2026-01-21 18:00:00,13.92,13.3,15.616643223395313
2026-01-21 19:00:00,12.17,13.92,15.994589009418792
2026-01-21 20:00:00,12.76,12.17,14.366185294208217
2026-01-21 21:00:00,12.61,12.76,14.858193883487504
2026-01-21 22:00:00,17.16,12.61,14.685211284908505
2026-01-21 23:00:00,12.72,17.16,18.619845903321284
2026-01-22 00:00:00,10.69,12.72,14.484632648368938
2026-01-22 01:00:00,9.95,10.69,12.478037338479094
2026-01-22 02:00:00,8.27,9.95,11.75764688854742
2026-01-22 03:00:00,8.12,8.27,10.247138929783482
2026-01-22 04:00:00,12.32,8.12,10.037123095056522
2026-01-22 05:00:00,13.78,12.32,13.667820918485859
2026-01-22 06:00:00,11.83,13.78,14.952833620148922
2026-01-22 07:00:00,12.47,11.83,13.29482458514077
2026-01-22 15:00:00,18.07,12.47,14.231651919939768
2026-01-22 16:00:00,17.93,18.07,19.18664144117324
2026-01-22 17:00:00,19.22,17.93,19.04022207312208
2026-01-22 18:00:00,20.86,19.22,20.124568123864254
2026-01-22 19:00:00,16.45,20.86,21.420849020855545
2026-01-22 20:00:00,14.07,16.45,17.48405240068443
2026-01-22 21:00:00,12.94,14.07,15.35261697283107
2026-01-22 22:00:00,16.03,12.94,14.323859709148381
2026-01-22 23:00:00,17.19,16.03,17.01652913223115
2026-01-23 00:00:00,24.58,17.19,18.04405997146486
2026-01-23 01:00:00,20.17,24.58,24.51626203404111
2026-01-23 02:00:00,18.9,20.17,20.64973382601662
2026-01-23 03:00:00,22.11,18.9,19.581447943237272
2026-01-23 04:00:00,23.82,22.11,22.499737771588094
2026-01-23 05:00:00,22.3,23.82,24.073232665131023
2026-01-23 06:00:00,27.51,22.3,22.72507679806726
2026-01-23 07:00:00,25.89,27.51,27.309437799451562
2026-01-25 14:00:00,86.72,25.89,25.804801137573264
2026-01-25 15:00:00,92.61,86.72,79.82779564065397
2026-01-25 16:00:00,88.7,92.61,85.29437621131373
2026-01-25 17:00:00,78.63,88.7,82.06727623145578
2026-01-25 18:00:00,69.58,78.63,73.18624765311483
2026-01-25 19:00:00,67.35,69.58,65.27767921503464
2026-01-25 20:00:00,62.27,67.35,63.334524581267274
2026-01-25 21:00:00,48.39,62.27,58.8904755314434
2026-01-25 22:00:00,49.71,48.39,46.71063812705357
2026-01-25 23:00:00,49.26,49.71,47.93764941191739
2026-01-26 00:00:00,50.27,49.26,47.631167763371536
2026-01-26 01:00:00,52.18,50.27,48.59078922595016
2026-01-26 02:00:00,50.25,52.18,50.415692846076
2026-01-26 03:00:00,54.86,50.25,48.80631067254531
2026-01-26 04:00:00,54.75,54.86,52.98101594942548
2026-01-26 05:00:00,57.32,54.75,53.01151385243169
2026-01-26 06:00:00,58.11,57.32,55.41077259833715
2026-01-26 07:00:00,54.93,58.11,56.220633912650754
